,SMALL LoBM,ME1 BM2,ME1 BM3,ME1 BM4,SMALL HiBM,ME2 BM1,ME2 BM2,ME2 BM3,ME2 BM4,ME2 BM5,ME3 BM1,ME3 BM2,ME3 BM3,ME3 BM4,ME3 BM5,ME4 BM1,ME4 BM2,ME4 BM3,ME4 BM4,ME4 BM5,BIG LoBM,ME5 BM2,ME5 BM3,ME5 BM4,BIG HiBM
192607,5.8276,-1.7006,0.5118,-2.1477,1.9583,1.2118,2.4107,0.6056,-2.6082,-0.4527,1.9071,2.4491,-0.4399,3.7289,-1.2629,1.5376,1.546,1.3389,0.2765,2.4678,3.3248,6.0909,2.0285,3.1263,0.5623
192608,-2.0206,-8.0282,1.3968,2.1483,8.5104,2.362,-0.7525,3.8984,0.2299,6.2937,-0.9386,2.3875,1.9916,4.3179,8.1142,1.3858,3.8587,1.9738,2.1336,5.3422,1.0169,4.1975,1.9769,5.4924,7.7576
192609,-4.8291,-2.6806,-4.3417,-3.2683,0.8586,-2.6849,-0.5252,1.0789,-3.2877,-0.9419,-0.3406,0.1689,-1.9453,2.6961,-3.6215,1.6897,-0.5246,-1.7724,1.4806,0.873,-1.2951,3.661,0.1384,-0.7497,-2.4284
192610,-9.3633,-3.5519,-3.5024,3.4413,-2.5452,-2.8014,-4.4191,-5.0767,-8.0271,-1.3213,-5.1925,-2.5577,0.4354,-2.1992,-3.1373,-3.9136,-2.6528,-2.1058,-3.2532,-5.3525,-2.7382,-3.0061,-2.2467,-4.6725,-5.8129
192611,5.5888,4.1877,2.4384,-4.4495,0.511,3.1023,-1.7317,3.0425,4.9538,2.7292,1.911,4.5488,0.479,4.9524,3.7374,3.4492,2.3823,3.7315,5.1102,1.8213,4.4331,2.5355,1.528,3.6596,2.5636
192612,14.9644,-1.4263,0.0084,3.3801,0.8589,3.1,4.149,0.8497,2.3043,5.2086,-1.3795,2.3967,-1.0803,3.0189,1.5349,3.4732,2.6093,1.7611,3.0222,0.1578,1.3564,3.479,1.979,6.2436,2.4024
192701,1.0954,-8.1352,-4.828,3.0498,2.021,3.0069,-4.2859,0.2068,-0.0539,11.057,-0.6381,-0.222,-0.6425,2.3344,2.5976,2.3758,1.4755,-0.5061,0.2309,7.3063,-0.7786,0.3288,-0.4352,0.5531,4.2141
192702,2.8672,-0.4922,8.5078,5.258,9.928,1.509,10.2367,7.87,3.6064,7.5867,6.1528,5.5348,4.3744,6.5732,13.3006,5.2958,4.2687,2.347,6.7817,11.4693,3.4579,5.1109,3.4245,5.1397,6.2731
192703,5.8224,-0.073,-5.8769,-3.9186,-3.5776,-2.4637,-2.841,-2.0166,-0.7001,-0.6648,-0.9634,-3.5707,-0.6787,-1.9557,-5.9028,-2.2015,0.1654,-1.3741,-1.3765,3.911,0.5893,2.0005,-0.1196,0.4786,-3.8449
192704,7.8274,4.788,4.3995,3.3905,6.4235,-2.9654,-4.1614,-0.3033,-0.4134,4.5992,-0.8524,1.4032,-0.504,2.0663,1.8717,-0.2726,1.8583,-1.1458,0.0691,5.753,2.6945,0.8938,-0.3006,-0.4253,-3.5345
192705,10.0338,7.2563,2.5787,14.6799,10.9637,7.3147,2.1944,5.437,9.0003,13.453,3.0285,6.6718,6.1431,7.0945,12.8655,4.8348,6.1917,3.6611,7.1863,7.7199,5.6953,4.6865,5.5468,5.4254,4.7762
192706,-3.3661,10.5899,-3.0588,-4.321,-5.2461,3.3014,2.2497,4.5776,-0.944,-6.4111,-0.7236,-3.6525,-0.8104,0.106,1.736,1.0368,-3.2438,-3.7452,-2.2981,1.9887,-0.0566,-3.1629,-2.763,-3.0662,-5.3761
192707,24.4089,10.7355,4.6663,2.6884,5.4722,5.6663,6.9859,4.0999,7.0469,4.0386,2.7364,5.8371,6.1354,2.7817,8.8451,6.7534,7.6314,7.0783,7.5294,1.4324,11.3377,5.7992,6.6701,8.597,13.4463
192708,11.7732,1.7144,0.7827,-1.0902,0.4598,0.9771,-2.4946,-1.7742,1.0052,5.1792,0.3859,2.0236,3.1138,-2.4153,-5.4265,4.8609,2.8607,1.0616,-2.63,-6.311,5.6799,1.2222,0.4869,0.8693,3.9099
192709,-4.9477,-6.7692,0.5118,0.1152,0.7804,2.8018,7.8487,3.3451,0.8709,-1.0305,3.4348,0.1227,1.9899,1.4024,9.2306,4.1893,3.1354,4.8659,4.2518,9.8708,5.9378,4.0847,5.5908,3.9949,5.5923
192710,-8.8937,-8.6899,-2.2257,-3.6986,-10.1608,2.3069,-1.0027,0.1248,-4.2448,-4.9172,-0.6615,-1.6228,0.3233,-4.0573,-10.0353,0.5153,-2.0353,-2.6713,-4.7124,-11.781,-5.0131,-2.2333,-4.1558,-6.455,-14.5457
192711,4.3843,11.4327,16.5279,10.1868,11.9645,14.2013,15.2073,8.1785,9.0574,9.0668,6.38,8.6413,7.8631,7.0513,9.8732,7.6702,8.5809,7.6631,7.7876,8.101,6.8751,6.5099,6.0045,7.0427,8.0776
192712,-3.9895,7.3889,3.8197,4.5379,6.9512,4.812,3.7387,2.3815,3.0095,-0.3422,4.5742,4.6368,5.0609,3.4771,11.3299,0.0583,5.5718,4.3646,1.6744,-2.3196,2.8698,1.3101,1.2709,2.4475,10.3769
192801,-8.2763,7.466,5.0289,1.7809,9.9834,1.274,3.9,0.3138,5.0186,2.2786,4.8654,2.813,4.093,2.2307,-5.8499,1.7775,1.0841,0.4668,2.2131,0.3207,-1.2715,-0.2544,-0.6323,-1.6469,-5.0648
192802,0.6463,-4.8227,5.7779,3.0151,-4.8248,-5.778,-2.0636,-2.5777,-2.1402,-5.6043,-2.5476,-1.9376,-2.8543,-2.5332,-6.0539,-4.7599,-1.3008,-2.5402,-3.0079,-8.524,-0.1457,-0.627,-0.4909,-2.1211,-1.3892
192803,40.0538,0.3279,2.1025,-2.7415,8.9594,4.7346,11.8263,6.871,7.6034,14.3914,6.2161,11.5117,10.0993,3.1273,10.3357,16.3866,9.0618,5.8284,7.7691,7.908,15.8215,5.242,6.663,5.6627,16.7279
192804,-12.881,14.7799,17.1059,2.9666,15.5922,0.3554,23.695,3.6981,4.9327,10.4199,7.9354,4.7382,7.364,4.5823,6.9519,5.2342,4.7965,2.385,4.539,3.7146,1.4265,6.8062,6.6232,2.7777,3.3096
192805,17.7179,-3.0154,4.3668,14.0701,5.9297,2.0846,2.7487,5.544,6.1727,3.2917,2.7635,6.8539,1.2894,-1.3378,-3.1255,5.3999,-0.2297,1.1089,1.1633,2.1587,2.0855,2.131,-0.5468,1.2094,-3.8808
192806,-19.2709,-8.9596,-13.2422,-8.5749,-9.4591,-7.9699,-9.3158,-9.3793,-7.7646,-5.9791,-6.4121,-4.6584,-7.1768,-7.2921,-7.0888,-7.1313,-5.5105,-3.4274,-5.7358,-5.8891,-3.104,-3.6349,-3.5186,-4.8694,-9.112
192807,-2.0217,3.5684,5.3845,1.2272,-0.3159,1.0913,-3.7861,-1.1694,0.8003,-2.6184,-0.0414,-0.3134,-0.6748,0.3434,1.293,0.8129,-0.6048,1.3312,1.569,0.868,1.586,0.236,0.1687,0.3016,0.7709
192808,7.5257,0.5454,4.1219,2.8015,3.5138,6.8055,3.8262,3.7556,3.2648,4.5088,6.4747,9.0328,8.45,4.1817,8.1984,9.9166,8.1692,6.4622,7.7904,7.7462,8.7103,6.5941,5.2836,4.4407,4.9839
192809,3.7129,3.1614,1.9898,-0.2092,13.4699,3.1137,2.6532,5.7491,5.0118,13.4819,5.8082,4.738,5.4907,6.4424,3.0627,5.399,6.4761,2.9627,3.0373,5.9184,2.7789,1.0264,2.2596,0.5869,6.9794
192810,-3.9425,-3.8779,4.3796,3.7426,6.4494,5.0072,3.0889,2.2823,1.3849,2.2085,3.9514,4.9579,2.62,0.2258,-2.5026,1.1071,-1.0248,-1.7484,4.733,-3.6579,1.4639,2.9037,1.3475,-0.3614,4.7457
192811,3.8603,30.2108,7.7079,16.7378,12.7121,6.6941,7.8822,10.2999,13.4954,8.2555,9.6832,11.362,18.7164,13.7626,15.6689,10.9224,11.8126,9.7614,7.7166,14.2763,11.5603,10.4534,16.0833,9.1276,17.8916
192812,-5.4317,-7.6129,-5.4498,-2.4303,-2.0332,-3.3339,-2.6891,-0.944,-4.0896,0.3738,3.1148,-0.0951,1.1249,1.2061,0.5792,3.4405,3.7344,0.3514,1.7526,-3.3414,0.5873,1.1557,-1.0312,1.2971,0.3726
192901,2.9249,8.2436,-3.8686,5.9937,5.192,4.0845,1.4254,1.4492,-0.2671,-0.5393,1.6878,4.7525,-4.7459,4.3288,2.4857,4.624,4.8918,3.7165,1.5503,1.1437,6.5749,10.2571,2.3122,4.9802,0.0249
192902,0.9617,-7.9993,-2.8183,0.0022,-1.7637,-3.2489,1.8521,3.7686,0.6565,5.2965,1.3547,0.197,0.5902,4.1229,0.2402,-1.4402,1.4218,2.3577,0.4267,1.954,-0.7818,0.9801,0.4464,0.7348,3.4624
192903,-14.5269,-0.6033,-2.1337,-4.6768,-2.9964,-4.0739,-5.8814,-5.0894,-2.364,-4.1641,-7.2089,-4.9266,-2.8056,-3.1815,-5.7807,-4.4903,-5.1527,1.3652,-1.2185,-1.1298,-0.1756,0.8493,3.5264,0.0438,0.7492
192904,-4.4228,-8.8405,-0.9605,7.4638,-1.6193,0.0188,0.7853,4.7933,-2.2916,6.1626,1.7511,0.6827,3.7295,-0.2434,-0.2537,2.716,0.2677,-0.5,1.281,4.5725,2.2448,2.8698,0.8816,0.8058,2.858
192905,-21.8773,-6.4153,-17.6682,-15.6067,-13.0789,-11.2806,-11.7705,-8.2902,-13.3546,-13.898,-6.6428,-10.5278,-8.5769,-9.3913,-9.2183,-7.1711,-10.5103,-3.2514,-4.7931,0.8989,-5.806,-5.9205,-3.095,-2.6706,-1.6714
192906,15.9956,4.0665,3.9194,7.3318,6.9371,3.6731,7.3262,11.0917,4.2521,6.7069,7.2505,10.898,10.7548,7.954,8.5869,13.3921,10.7635,11.0748,9.1305,3.5946,11.9153,13.6849,7.9176,7.7939,4.7244
192907,1.1742,-5.2126,-1.8996,-8.9964,2.3089,-2.316,2.4318,-2.0222,0.3757,6.2303,1.1478,3.7007,0.856,0.3848,10.7093,2.4293,2.7454,1.972,2.4411,4.4398,3.0181,6.5556,5.997,8.4836,5.1454
192908,-4.1263,-4.7118,-8.9336,4.7021,-4.8612,-1.2892,-0.4058,0.7785,0.8424,-0.5221,1.0571,0.6645,5.6009,1.7702,-0.2876,4.9927,-0.1129,4.2345,5.379,7.7956,6.6194,12.9693,13.2823,13.4379,6.8384
192909,-10.3134,-1.9792,-9.7645,-5.9053,-9.7142,-7.5759,-2.0322,-4.7108,-5.7179,-2.0971,-8.8968,0.0146,-1.4831,-4.0721,-0.6225,0.8272,1.2245,-4.6494,-4.1105,-7.2368,-5.9327,-3.7501,-4.0235,-7.2099,-6.872
192910,-26.3744,-23.68,-17.9997,-23.7403,-19.6194,-19.7024,-19.1757,-23.8761,-17.3908,-19.2431,-27.0998,-21.3748,-12.5223,-16.4014,-20.7672,-31.4037,-23.7457,-16.4925,-13.4418,-17.0657,-23.9581,-21.3645,-13.1764,-10.6115,-7.4875
192911,-1.3563,-18.3961,-4.8763,-15.8613,-11.9402,-19.3908,-14.8813,-8.4293,-8.5944,-13.2392,-13.7151,-12.9251,-7.7971,-7.4828,-10.3006,-14.7241,-13.368,-7.8161,-8.7895,-11.3983,-13.208,-15.8354,-10.0901,-9.6503,-6.3362
192912,-0.4171,-15.6076,-10.7757,-8.0244,-3.4177,-4.8965,-6.1557,-7.7981,0.5152,-2.2675,-0.903,-0.9143,1.9948,-1.9636,5.3172,3.1175,-6.0359,-2.5306,0.5812,10.9565,3.7245,3.5576,0.455,0.6356,0.8745
193001,-2.6766,9.0039,21.8183,11.8021,11.0292,7.8737,12.1248,9.5003,4.6442,14.539,8.7999,11.2873,4.0865,6.355,4.1286,7.4775,8.4258,5.6023,3.4816,3.9517,6.9397,7.6149,0.6754,4.9956,-0.4104
193002,16.9723,14.4118,-1.8758,-1.4177,2.7575,-1.9117,2.3225,4.1616,1.6175,5.6337,1.6699,3.3231,2.8829,2.6608,2.8421,0.4977,7.8405,-1.2984,0.2764,0.9862,3.1845,4.561,1.1643,1.4893,4.9741
193003,22.8187,-0.721,8.9828,16.6854,12.0505,6.2626,4.6931,14.0652,8.248,5.3697,9.8448,8.9231,6.3234,9.6129,14.162,6.6888,5.4523,7.1469,12.1871,10.9418,6.6643,6.1562,11.5196,4.4962,2.1452
193004,-6.973,-5.8901,-5.1454,-7.7391,-5.4134,-8.8215,-4.8629,-3.1384,-3.7915,-5.1834,-3.0844,-4.6108,-5.0217,-3.2204,-2.4801,-2.7373,-5.0588,-5.2782,-5.1292,-4.4592,-0.8153,-3.3383,0.023,-6.192,-7.3589
193005,-2.4085,-13.1099,1.7043,-5.1405,-6.1347,-5.8346,-1.496,-5.2688,-4.3118,-2.7295,-3.2164,-0.8849,-4.146,-3.056,0.3854,-3.4829,-4.0539,-3.4874,-0.13,-4.8213,0.8782,0.0729,-2.0379,-1.512,-0.8007
193006,-13.4475,-20.1571,-18.4028,-15.2508,-21.1727,-23.7983,-18.4338,-17.4111,-17.4979,-18.7951,-12.9371,-18.657,-13.0578,-13.5781,-18.1799,-21.9012,-18.0824,-15.8508,-14.2266,-18.5651,-17.4913,-16.8085,-13.4094,-9.5513,-9.7101
193007,2.6405,3.9919,12.9011,3.2517,1.2265,7.842,6.3358,4.9776,2.8807,0.8179,6.2681,5.7383,3.1383,4.8158,2.86,5.7349,4.5566,4.0677,2.302,-0.4418,5.1599,3.8734,3.4092,2.3781,10.4629
193008,-9.329,-8.5398,-3.2926,-6.3293,-2.8689,-3.8141,0.3944,-0.8875,-2.6634,-0.9432,-2.6558,-1.308,-1.8148,-1.2087,-1.0955,1.4153,-0.5799,-1.4965,-2.5729,4.9078,1.3808,-0.4436,0.4443,-1.5446,-24.0437
193009,-30.8037,-33.7274,-29.979,-19.3383,-20.0107,-14.5237,-14.4284,-14.4732,-15.7131,-20.5654,-12.8024,-14.6977,-12.0935,-15.5805,-21.7125,-12.976,-14.561,-13.1447,-12.4767,-22.1914,-13.0242,-11.7232,-9.4101,-14.7101,-28.0576
193010,-31.8635,-9.4101,-6.8098,-14.7578,-9.2796,-7.5198,-11.4959,-10.421,-9.8536,-7.348,-13.846,-8.92,-5.9438,-11.449,-18.7547,-11.5222,-9.3061,-8.2121,-11.074,-12.5795,-9.8632,-6.9303,-6.8776,-8.8018,-20
193011,19.7776,-15.4883,-4.4972,-2.3015,-3.4217,-5.4429,2.3189,-3.901,-2.3523,-4.3808,-0.9739,-0.4973,-2.4571,2.0966,-5.4577,-0.7649,0.5741,-2.2147,-5.3994,2.0773,-2.3974,-1.4632,-4.9576,-7.3197,-12.5
193012,-18.3651,-25.1568,-24.3865,-13.5696,-17.3075,-14.1276,-11.728,-12.8476,-16.8044,-18.6094,-5.4561,-9.0864,-7.653,-11.6194,-19.11,-7.9492,-8.9372,-11.7236,-11.8143,-16.3863,-5.4468,-8.2008,-7.3179,-10.8763,-30
193101,-26.5566,22.1097,15.7748,16.8529,19.3084,13.2408,11.2376,13.2522,14.8844,15.9307,10.9679,8.7517,9.5193,8.9545,21.0718,7.6441,6.7711,5.121,10.6268,11.8036,4.3652,4.6803,7.6781,17.1219,34.6939
193102,21.4578,20.6779,48.6609,24.0135,23.2662,9.7238,11.0438,10.3389,11.5621,15.52,15.3065,14.5442,12.7908,9.9333,12.5979,13.1201,11.6887,8.4289,6.8825,17.0764,13.9632,9.1415,5.0381,7.1,42.4242
193103,-7.7442,0.7521,-1.78,-4.8964,-8.5805,-1.5545,-8.4859,4.3094,-5.6667,1.2712,-1.3052,-7.4091,-4.0222,-5.3846,-12.6798,-6.8601,-6.5009,-8.5758,-10.4493,-0.3328,-3.8088,-8.4205,-9.6718,-11.0898,-19.6809
193104,-15.2608,-25.6785,-21.692,-14.5999,-16.4348,-16.6607,-17.4123,-11.858,-14.6294,-21.0112,-11.3645,-13.9537,-13.0329,-17.8359,-17.6793,-13.5885,-10.7979,-15.7012,-14.0477,-4.2043,-8.9463,-8.2001,-10.7437,-10.7184,-23.8411
193105,-8.4409,1.2585,-17.6386,-11.6451,-15.4409,-7.703,-8.2117,-5.769,-11.126,-11.9866,-16.6876,-12.9578,-9.4385,-13.0784,-16.5278,-10.8396,-12.2573,-16.4486,-25.5837,-25.9812,-11.6599,-11.3512,-17.8715,-18.0598,-22.6087
193106,19.8341,6.8787,14.0651,15.2672,17.5951,9.8904,8.3779,2.0695,12.3649,21.1092,13.8685,11.3995,7.7628,18.6549,32.7999,14.956,15.0213,19.0549,33.1059,25.4751,12.8073,14.0288,15.3728,22.2095,40.4494
193107,-6.3445,-11.4002,-9.6939,-7.0332,-5.3213,-5.267,-5.2616,-7.5668,-6.1316,-7.3422,-6.4813,-7.6122,-9.9416,-8.4691,-12.8309,-5.3303,-4.9131,-8.285,-9.0771,-13.5493,-5.3381,-6.9532,-11.3183,-12.8162,0
193108,-13.22,-0.2852,-5.0247,-5.2131,-5.0501,4.7199,-0.5346,3.1215,-1.5241,-4.7862,1.0672,-0.7133,-1.3037,-3.2907,-4.6482,-1.0405,-1.9302,1.7397,3.7983,6.6549,0.5716,1.8447,-1.3046,-3.2548,8.4337
193109,-49.473,-30.7146,-28.4077,-34.9782,-32.3374,-26.866,-28.9426,-35.1961,-31.4326,-37.9539,-27.4765,-32.7129,-31.5091,-35.0475,-34.0269,-29.7962,-25.232,-30.7527,-33.8622,-41.4557,-28.4528,-25.2045,-32.1838,-33.4278,-45.5556
193110,12.6793,-3.0004,0.5496,11.4644,7.0921,7.0717,4.0998,8.818,8.5119,14.4195,-0.9382,15.9578,11.0571,11.6957,6.66,7.8956,6.2562,13.1131,11.1792,13.131,9.3778,7.0291,1.3419,3.9465,20.4082
193111,-23.9803,-21.2926,-9.5796,-10.3973,-11.612,-12.8176,-7.0964,-7.8421,-5.0246,-11.0029,-1.7785,-9.5352,-5.1555,-11.0221,-10.6534,-5.9432,-3.8149,-11.5206,-15.8993,-11.4839,-5.8822,-11.1869,-20.0412,-21.6372,-6.7797
193112,-25.3044,-3.7172,-19.4246,-27.1776,-25.0084,-8.9486,-12.8013,-14.4234,-21.4811,-24.0915,-14.4505,-18.2054,-17.5802,-14.9249,-15.7172,-10.9835,-14.2392,-11.628,-19.027,-25.7755,-10.5997,-16.6595,-21.7943,-23.053,-30.9091
193201,5.5527,-6.0722,8.3063,14.1747,7.5377,-0.2843,-1.0825,5.4797,17.797,18.3229,-1.5632,3.2629,2.7489,-1.7061,5.514,-3.4216,-0.5133,-0.6076,4.829,1.9409,-3.7002,-1.3426,2.5113,10.9191,7.8947
193202,-12.7896,-0.0154,5.881,-1.9977,4.2459,-4.4521,2.9972,-2.3381,-3.1376,-1.1256,-0.9172,3.2184,2.3819,0.2285,-1.4858,3.3567,5.2981,-1.5117,0.3144,3.7601,7.2666,5.5879,3.3369,-3.317,14.6341
193203,-23.0216,-5.6045,-3.2485,-11.5349,-11.5906,-5.9006,-14.2789,-11.4642,-4.1812,-13.3107,-7.4966,-11.8346,-11.5882,-13.4254,-11.6459,-10.6326,-10.1897,-12.3106,-12.1285,-10.1478,-11.0661,-10.5581,-13.8548,-23.2981,2.1277
193204,-40.762,-16.8293,-26.8747,-17.956,-20.4168,-20.0302,-8.6236,-14.5173,-18.7356,-14.3493,-18.2198,-9.3448,-15.4337,-16.4058,-19.1792,-15.47,-15.5936,-19.1359,-14.5879,-9.6256,-18.1954,-20.7651,-18.15,-22.1641,-22.9167
193205,-12.8641,-35.2372,-5.8922,-4.3113,-9.7154,-11.9878,-18.5892,-22.0395,-18.971,-21.7072,-26.3212,-24.7131,-26.7057,-24.0855,-27.1979,-19.7338,-20.1828,-20.2454,-18.9667,-27.9405,-20.5131,-17.1268,-31.172,-36.7136,-10.8108
193206,35.7939,-16.9948,5.3018,-6.3241,-0.798,-8.601,-5.0062,-5.4346,12.4076,8.5754,6.8535,7.1774,7.2506,5.2154,-0.1517,1.8343,3.2764,-1.9316,9.3432,0.4792,-3.2168,-0.3613,5.0054,9.0103,21.2121
193207,147.8401,14.3231,41.727,38.2866,54.0513,37.5774,27.6658,41.5667,54.4174,69.5152,27.6134,30.3967,39.6769,53.7117,68.8203,30.89,33.7841,36.0064,68.9268,80.0358,26.588,37.2518,50.2783,52.5902,98.0392
193208,49.3739,94.6241,82.8825,83.8394,99.5173,34.3849,67.0166,56.4574,64.7279,89.9724,54.6427,39.8383,46.8716,69.9312,71.3004,29.26,45.6137,64.2952,63.5623,86.604,30.9847,35.2341,47.4756,52.9168,65.3465
193209,-27.1191,-11.0603,-16.3193,-4.5548,-17.2166,-0.7084,-6.3692,-5.4914,-9.7641,-12.5966,-5.2031,-7.8038,-2.8456,-11.5335,-9.2885,0.6432,-5.1215,-7.716,-6.8903,-8.9044,0.5205,-6.4901,-8.4946,-3.0991,15.5689
193210,-9.1645,-13.1779,-26.4345,-20.361,-19.6691,-12.4439,-21.9808,-17.3273,-25.0179,-23.264,-14.8172,-15.8843,-21.287,-23.462,-25.7489,-11.1205,-18.0685,-18.9983,-20.3514,-25.6917,-11.3353,-9.7963,-15.3352,-19.8956,-30.0518
193211,-26.56,-13.2958,-8.2868,-10.9136,-12.166,-3.9727,-7.5773,-8.4977,-7.8002,-16.6168,-3.9519,0.1265,-8.587,-10.9617,-15.5085,2.4447,-5.2823,-9.3462,-15.3017,-19.983,-3.3006,-1.7949,-10.3905,-8.8807,-31.1111
193212,7.0207,-11.8895,-2.5648,-12.9037,-11.2883,-18.8257,-16.2821,-2.7539,-10.8863,-7.5907,-2.0737,1.8455,1.1432,-6.6333,-4.9894,3.9882,-0.1412,1.8895,2.0321,-9.9337,7.2401,7.2275,1.5931,-7.8299,15.0538
193301,57.2754,-0.9456,1.5203,-7.1322,3.5519,7.544,6.015,3.5923,4.802,7.6263,1.5256,7.5514,1.9285,4.2384,12.8206,2.3869,3.6695,4.2318,4.2353,16.5315,-0.3195,-0.445,4.746,4.1501,14.9533
193302,-44.6775,-18.832,-17.9897,-14.7703,-15.7559,-26.774,-26.8316,-20.5994,-20.8395,-21.0749,-16.5486,-18.0883,-17.8575,-19.3388,-19.8148,-13.4069,-16.3401,-13.5735,-12.4654,-22.9726,-14.7379,-17.2619,-15.3217,-18.4676,-24.3902
193303,-16.5161,7.1789,-4.8469,5.9565,18.4211,14.2512,10.6773,3.2118,12.1802,20.3517,-0.0281,9.3413,5.7158,16.3357,6.6347,10.3711,12.6112,14.7958,9.4066,7.9911,-0.152,5.2996,6.481,9.318,7.5269
193304,7.0263,50.5316,78.5247,48.4433,50.7007,28.2345,45.9694,62.4373,64.5201,53.2494,47.3477,41.0814,61.247,59.3833,56.3989,35.4697,56.9691,50.0833,45.354,74.4518,32.4293,39.398,46.9864,62.4422,52
193305,73.2095,126.0468,68.5279,104.8598,94.1836,76.4962,78.1388,75.5124,80.107,57.1493,56.9621,40.7127,42.1526,60.3852,48.9917,22.6543,30.9385,36.2791,40.0548,62.8422,17.285,14.4158,21.2497,32.3679,25
193306,73.2389,60.3142,42.6852,25.8837,24.6394,23.5273,15.3904,22.2313,20.5226,18.9798,29.0608,13.4839,15.1997,14.8988,38.8731,12.4931,11.654,14.8608,17.7536,14.8337,11.1701,13.2195,14.8233,20.3925,4.7368
193307,-3.2258,-13.7308,-8.1092,-2.9879,-5.4094,-9.7689,-15.2893,-9.6437,-11.6557,1.2016,-9.4414,-14.5359,-13.7128,-16.7059,-18.0048,-10.2017,-9.8695,-14.4786,-11.7376,-6.5447,-8.4328,-11.5031,-12.1277,-10.1514,-7.5876
193308,0,9.6012,4.7988,6.6748,1.7697,6.1015,8.7169,10.0746,7.7909,6.4516,12.5601,20.4237,14.5541,12.6686,16.4394,14.8173,17.0478,14.0046,17.47,21.3286,8.8302,16.4361,15.7637,13.7014,23.655
193309,-16.6667,-13.0863,-19.889,-17.2691,-16.7164,-3.1249,-12.4081,-17.1963,-13.149,-26.1686,-13.582,-9.4118,-13.7739,-15.4659,-25.729,-6.4976,-11.4528,-17.6548,-9.9298,-22.0871,-9.9608,-7.1138,-11.5554,-17.3735,-27.2596
193310,-12,-15.5561,-6.0883,-10.1811,-16.4024,-12.3773,-7.8651,-13.5151,-13.1222,-8.9748,-7.1826,-9.5016,-12.7307,-15.0521,-14.6649,-6.8819,-7.9161,-10.0114,-14.5924,-19.1997,-6.8367,-4.6917,-10.7909,-17.429,-19.1524
193311,0,3.1602,-1.4531,12.6138,7.7636,2.7984,7.02,3.9665,7.6369,-0.1905,6.9366,5.0158,7.933,5.2123,10.0793,5.4476,11.6318,7.0677,9.1372,10.9693,10.1098,10.071,14.2424,15.3305,9.1554
193312,-36.3636,-2.9947,-7.0273,-1.7815,2.6627,11.4327,8.5587,7.5062,-2.1142,-3.674,-0.684,5.9438,7.0181,2.7876,5.3274,0.2706,2.4651,7.1483,-1.2238,7.6462,1.877,1.8581,0.635,5.4488,7.9203
193401,100,44.9906,43.0444,41.9321,41.6175,24.6543,22.0663,31.8261,31.9632,54.1782,45.6973,20.6345,25.6602,25.2988,32.278,11.9279,15.015,24.6582,20.3429,28.8641,9.7585,9.4727,16.0664,17.2041,37.913
193402,-14.2857,12.0774,3.8285,9.7797,6.1424,2.5097,0.5599,3.0523,-1.2104,9.3432,0.2824,1.9803,4.373,3.5814,0.3844,-3.3763,-1.587,-2.7066,0.8042,0.4373,-2.4286,-2.5432,-4.5321,-5.5368,-5.3839
193403,8.3333,-0.8893,1.7648,3.9274,-2.1762,2.4157,1.6826,0.9836,1.2157,3.0666,6.1342,3.3499,1.2129,-1.2754,-4.4693,1.8531,1.2654,0.6728,-0.81,0.1178,-0.048,0.0526,-1.3288,-0.8676,0.5379
193404,0,2.4037,5.6626,5.571,0.2466,7.574,2.9419,-3.5275,1.0808,-7.0056,-3.5273,-0.1441,-2.7159,-0.8467,-3.1955,-0.5214,0.4568,-0.6759,-5.6922,-6.6942,-2.0366,-1.1654,-2.0179,-5.7526,-5.7601
193405,-11.5385,-9.1744,-13.0676,-13.0519,-16.3854,-9.0772,-8.6789,-10.8668,-12.3285,-6.3263,-7.0369,-9.3899,-10.293,-8.5271,-14.5021,-5.9702,-7.0101,-11.643,-8.4325,-15.1982,-6.4149,-6.9357,-6.3842,-13.3485,-18.7982
193406,-21.7391,-3.143,2.6837,-0.8867,0.3452,3.9591,2.0899,-2.3864,-0.6749,-11.0249,3.2326,3.8028,0.2262,2.084,0.0176,4.0233,3.2307,2.2881,6.0137,-0.8835,2.1908,2.9109,3.0461,3.2071,4.8717
193407,-20.3723,-30.1093,-26.1187,-23.9489,-24.5377,-20.152,-17.0149,-23.6392,-26.588,-23.8974,-16.5513,-16.6888,-16.6102,-20.0498,-24.2528,-12.3564,-10.0991,-14.0442,-19.3283,-34.9982,-7.0687,-8.2399,-14.6307,-18.3054,-30.843
193408,15.1231,18.6339,6.0136,12.1778,13.7409,14.7217,7.3228,9.5339,13.5476,10.643,7.8689,9.265,8.5292,12.5352,8.8728,6.0569,6.6355,5.0601,10.5494,11.0095,5.5854,5.2073,4.7097,2.3771,8.5384
193409,-1.8045,-10.0535,-4.8455,-0.1601,-2.6851,-1.9481,-0.2922,-2.6807,-1.7672,-4.3733,-2.0778,1.6596,-0.2532,-2.543,-0.7029,-1.1182,0.5352,-0.7493,-1.0917,2.069,0.0824,-0.253,-0.6569,-1.1606,2.3732
193410,2.8464,0.1706,-4.2055,-8.446,-1.4934,-6.0012,1.3719,-1.4584,-1.3555,-4.9708,1.2928,-0.4064,1.2598,-4.2358,-6.7204,0.1744,0.5697,1.7916,-10.1641,-10.0785,0.6214,-1.8347,-5.6951,-6.1478,-7.2439
193411,7.2058,12.3791,28.6763,17.1555,15.9811,24.9802,20.6614,18.9685,13.7438,3.881,13.853,12.723,13.1249,17.7377,5.214,13.4963,12.8692,12.2394,12.0713,6.7108,10.4632,4.4669,6.1575,11.7916,3.6748
193412,6.1477,-3.1816,0.7192,0.7982,-2.4501,5.3581,2.4578,3.0417,3.6459,0.5664,3.7532,2.9972,3.7893,4.1835,-2.997,3.0404,3.946,3.9094,1.6698,-5.5192,0.7986,0.1982,-1.2764,-0.2728,-4.2897
193501,-3.9713,-10.8183,-9.9907,2.8108,-4.8194,-8.9719,-0.8315,-3.1327,-3.8543,-3.2031,-4.4903,-4.6336,-2.7786,-1.5875,-0.9968,-4.3475,-2.6391,-3.4702,-5.8919,-14.5339,-1.9572,-3.8559,-2.5289,-8.663,-14.034
193502,-15.2535,-14.3711,-7.4853,-7.864,-11.6328,-1.7326,-4.4273,-4.9325,-3.9395,-11.3576,0.1143,-3.6106,0.5872,-6.8556,-13.3564,0.2896,0.9237,0.2552,-10.2534,-21.887,0.232,-1.8545,-4.2419,-9.2257,-13.7848
193503,-5.4647,-14.6058,-10.563,-16.8184,-8.6908,-11.1054,-7.4963,-7.8516,-7.1877,-14.089,-1.5194,-8.6404,-4.796,-10.328,-11.7379,-4.0166,-5.7328,-6.0624,-5.9041,-10.4602,-3.6975,-1.925,-1.2271,-8.8943,-7.109
193504,37.0073,0.7346,10.2864,12.2329,12.2042,9.6309,10.9289,12.4322,6.0015,11.5809,4.6314,11.4543,6.2166,11.5241,10.822,5.8671,7.4853,5.7032,7.9842,11.4653,7.2718,10.705,10.9384,13.7142,15.1017
193505,-18.3239,-2.2941,7.747,1.488,1.0221,-0.7795,0.0309,5.6391,4.8434,0.604,3.9746,-1.3536,1.1973,-2.2698,3.8945,0.1579,1.4871,-0.436,4.9361,2.0699,2.7111,5.446,4.9074,2.5007,7.3971
193506,1.6084,-1.044,-2.399,4.8273,0.906,6.6387,8.0796,6.9143,4.0414,-2.5525,4.5638,10.8931,7.1501,3.7822,5.0845,5.4044,8.6199,6.4217,3.5809,1.8525,6.7076,5.5325,4.4667,7.6356,17.1331
193507,10.2251,21.4927,22.8513,15.5349,11.7308,12.0979,15.1037,15.5884,13.8066,15.9241,6.7989,7.2236,12.292,8.0832,13.4033,7.0587,10.4016,6.4061,6.1647,18.6276,7.3126,6.1698,5.0105,12.7286,10.7092
193508,6.8846,-0.2775,16.2445,14.1726,19.8916,8.6311,6.1459,4.5461,11.2008,13.1679,0.2391,1.3683,5.8044,5.9716,14.8785,0.757,0.3147,3.4344,3.5486,5.7013,2.743,0.9842,2.0053,3.6185,5.307
193509,-9.1332,19.8741,1.5672,8.1213,-5.5027,10.6087,5.1093,2.9866,2.9929,1.5573,1.02,7.4595,5.5841,6.3384,-7.0694,3.1619,2.5965,1.8212,2.9382,-0.1848,5.4296,-0.9561,1.4988,0.4652,0.6884
193510,11.8246,-1.9136,10.6881,13.3696,4.5248,9.2728,13.5305,9.3566,9.2107,8.1213,8.8822,9.3516,10.0329,10.1332,7.8137,6.6879,7.1085,5.0573,12.0763,6.67,6.4577,8.5761,7.0777,7.8805,6.2252
193511,34.6434,7.2246,34.517,19.9069,44.135,5.9586,6.0593,8.9452,12.7498,25.4268,13.5142,8.9403,7.5769,6.6706,14.2082,4.1111,3.4348,5.8301,8.4523,13.0451,2.5738,5.4156,5.6459,6.4362,19.9586
193512,9.313,-1.2476,0.627,4.6823,0.7394,8.7505,9.236,16.0819,5.6709,0.5785,4.4416,5.9578,9.3248,9.9734,11.6464,8.6296,2.3799,9.2971,13.5079,7.1149,2.4068,4.5887,5.7601,5.8158,8.5821
193601,24.7377,36.2743,13.6009,19.2941,35.6084,16.5357,12.7131,8.0142,13.8703,29.1948,4.1156,9.5258,9.237,11.3001,11.6422,4.1816,6.7837,8.7405,9.8779,7.6354,3.2752,5.9314,8.4904,13.684,18.4138
193602,11.756,-4.923,16.4111,10.3151,7.0873,1.7917,6.4101,6.0569,7.0693,4.0175,0.1478,2.4859,5.1683,7.9081,3.5904,2.8529,3.6346,6.0379,3.558,10.2904,1.9181,1.0357,3.965,3.328,2.9828
193603,9.5233,-2.0397,4.2536,3.4277,-0.0455,-0.4437,0.9455,4.1667,-1.1808,0.645,7.1259,3.5016,3.4962,3.9646,-0.6172,-1.8481,0.2665,1.989,2.6002,-4.5656,3.5354,1.3237,-2.237,2.0743,-3.3727
193604,-28.4615,-25.4411,-13.0711,-13.9017,-22.3004,-19.395,-13.9539,-16.3972,-15.1578,-19.1817,-9.5861,-10.1223,-12.4372,-12.5127,-9.4613,-8.433,-9.0505,-11.8012,-10.3302,-14.4094,-6.8271,-8.1641,-6.9171,-10.6714,-8.5598
193605,1.9807,-2.7594,3.1939,8.3326,6.4611,5.0761,4.9731,6.6827,5.6636,6.6995,2.7908,4.7403,6.72,4.0135,11.7178,5.188,1.51,3.5194,5.2941,7.8424,5.4555,4.9588,4.822,6.0936,6.8514
193606,-0.2877,2.3125,-2.1201,-2.3465,-1.6637,-2.2086,1.2689,-4.0903,-2.4533,-0.1168,-1.3944,0.7772,1.1605,3.4849,-2.764,0.8523,-0.854,-0.0996,1.6147,-1.7939,4.1336,1.8831,2.7118,1.976,2.1523
193607,-0.5768,-1.9997,14.8857,9.0084,8.1678,10.7341,14.3229,9.504,6.6973,3.5766,7.6682,9.6964,7.5783,8.0076,15.2312,8.1516,3.4557,7.9084,11.1559,13.751,5.9388,6.1449,5.5417,10.9043,9.7828
193608,-3.5567,-4.1484,5.9365,4.0506,1.8897,-1.2681,3.5707,2.1038,3.3106,4.558,1.341,0.8918,4.364,2.9728,6.6022,0.8209,1.335,3.8222,3.1854,5.3356,-0.0037,1.0757,0.4141,2.9491,3.7327
193609,-1.1114,8.8068,2.1446,6.9192,5.7802,4.3542,3.1443,2.5849,5.461,2.4062,3.4695,0.8208,3.6591,6.0047,1.3641,1.6033,3.4966,2.8307,0.9631,2.3401,0.5189,0.8495,0.7522,1.3808,-0.5962
193610,13.5021,7.9183,5.9284,9.3404,8.0163,1.625,5.709,9.5203,8.0449,7.2078,4.4733,2.1487,8.4027,6.1926,6.0732,3.2685,4.8571,8.9514,15.6652,3.546,6.8804,4.823,9.6578,10.4852,5.3526
193611,9.8463,19.1822,9.3001,13.4337,12.6114,13.081,9.7704,8.6249,11.92,12.3102,8.813,8.6751,8.9259,11.0657,8.0733,4.8459,2.8292,8.7608,7.9664,4.2352,3.0694,3.3483,2.3226,0.3288,-3.4024
193612,-3.8593,1.0881,4.2411,-0.9717,3.5961,2.8371,2.6251,0.9501,7.2152,9.2291,1.6339,2.6287,3.9059,1.7932,6.0199,0.7856,1.9355,1.5018,3.8768,2.2752,-2.4394,-0.6816,1.7057,4.8041,-0.2582
193701,14.9621,4.3302,20.6231,9.9321,11.3146,11.2592,7.2973,4.8549,7.6298,9.3663,5.5288,3.9369,7.6297,9.0234,6.8646,4.2898,5.3215,3.9202,2.8349,9.6572,3.7203,3.0552,-0.2779,3.1379,11.0569
193702,-10.4533,25.6433,-9.1185,9.2292,10.3283,-2.2165,3.2646,0.987,0.6469,3.9484,3.3534,2.293,0.7659,1.5358,7.1826,1.4986,2.0521,2.2365,2.1118,10.6235,-0.4051,0.0093,0.7625,2.6023,9.9672
193703,-9.9226,-16.8656,6.7668,-0.9633,4.0978,-2.7159,-3.2098,-0.1446,2.5449,6.438,-2.7148,-1.4567,0.8501,-2.0871,5.5725,-2.4672,0.7244,1.3941,-0.3978,12.5105,-1.9859,-2.196,0.2047,3.372,7.4549
193704,-19.5677,-20.1978,-18.4175,-13.2558,-18.0109,-9.2104,-10.8866,-11.511,-14.9986,-13.9659,-8.0222,-9.2611,-6.6931,-8.5404,-9.7175,-6.6379,-8.3071,-9.8682,-14.066,-11.4533,-6.9712,-4.9234,-6.239,-7.4444,-10.1009
193705,-5.4126,-13.8195,-1.999,-0.5683,-3.7868,-0.6747,-0.7803,-2.9295,-2.7952,-7.732,-1.0028,-2.1395,-3.2193,-0.4867,-3.1072,-0.6037,-1.1875,-2.5242,-2.6905,-1.5132,0.6711,-2.4761,0.3844,-2.674,-2.7566
193706,-12.3896,-6.5963,-15.385,-9.7306,-13.8843,-9.7548,-7.5686,-5.3844,-7.7759,-15.0459,-5.8739,-6.7361,-5.7578,-7.344,-8.5314,-3.8011,-6.1,-5.1475,-6.5091,-11.0859,-4.465,-1.8161,-2.198,-4.491,-7.7081
193707,13.7978,11.6345,13.5344,11.6375,11.0994,12.0456,11.7976,9.0244,9.387,9.3108,8.7974,11.9029,6.6694,7.4964,10.1481,7.5642,9.0949,7.3726,10.1653,8.0451,8.6965,10.7639,6.9926,10.6778,11.1867
193708,-4.8165,-9.3757,-10.2612,-5.1261,-6.4604,-7.6675,-5.4966,-3.6732,-5.5913,-3.413,-3.1503,-5.7166,-5.2759,-3.679,-7.0549,-4.2057,-3.4589,-3.9307,-5.6736,-7.8428,-3.0279,-6.7028,-5.0775,-6.0734,-8.1095
193709,-22.7982,-28.9738,-22.6759,-22.0782,-23.247,-24.0349,-20.7363,-20.9908,-21.0118,-24.0651,-20.795,-20.0387,-19.971,-17.2773,-25.4757,-17.3747,-17.4224,-14.9869,-19.3498,-22.2667,-11.3049,-14.9407,-9.3971,-15.7537,-20.2339
193710,-7.5182,-8.4668,-9.6937,-8.4935,-8.0173,-10.8655,-10.0967,-8.1213,-12.0518,-12.8593,-12.6253,-9.7541,-11.7802,-8.5398,-12.1799,-6.8482,-10.4383,-8.8779,-9.6408,-12.1064,-10.3541,-9.0596,-6.6047,-10.0012,-17.6606
193711,-1.5011,-12.4625,-14.5539,-13.4743,-16.4833,-10.9144,-13.5239,-12.0367,-10.587,-10.1101,-9.8497,-12.5113,-7.6582,-9.4858,-11.0593,-7.9927,-9.6309,-11.3518,-13.0907,-8.7583,-8.8722,-8.7527,-7.1296,-5.7367,-8.6894
193712,-19.0502,-20.1643,-20.0695,-11.2762,-12.6549,-14.4226,-14.7667,-11.1235,-10.5045,-15.5631,-12.3737,-12.8512,-10.6587,-7.4766,-16.1913,-0.4347,-6.661,-10.0486,-10.3404,-11.8349,-3.734,-4.1861,-1.3648,-5.4093,-4.9867
193801,8.6566,6.6294,14.4855,6.0579,5.4249,4.1597,7.3498,2.369,5.4753,5.482,2.906,7.4211,6.2211,4.5597,0.3634,2.4236,0.97,4.9957,3.8984,-0.3844,1.5059,0.0186,-1.398,-0.1407,-2.1417
193802,4.097,2.1121,3.2049,4.368,0.0174,11.7148,7.2493,5.6016,4.7087,7.2754,8.4768,6.3936,6.5341,3.9981,7.1881,4.4483,7.3076,6.2392,5.2573,4.8596,6.1501,7.54,4.4235,6.5803,6.0847
193803,-25.4108,-33.1334,-33.5205,-33.4568,-31.5563,-30.8212,-32.177,-26.6226,-28.0111,-30.5768,-28.9251,-28.6154,-26.3453,-22.2498,-35.8616,-23.0741,-24.8217,-23.3267,-30.162,-36.0362,-23.2782,-23.7272,-21.7063,-25.5248,-32.6531
193804,21.5189,28.6753,22.7423,23.7924,20.5399,20.6783,21.2861,18.3721,20.4476,20.7684,22.1244,19.5311,18.0935,11.8891,25.979,18.3842,15.1115,15.9576,21.2188,17.0661,12.8892,14.9362,14.0911,17.361,11.2414
193805,-11.3309,-13.7358,-9.1648,-6.3436,-5.7677,-11.5069,-7.4235,-6.414,-5.9244,-8.7078,-9.0786,-4.518,-6.4503,-4.7433,-4.5776,-4.5819,-3.558,-3.4992,-8.683,-10.975,-3.2811,-5.7586,-2.0053,-6.3274,-4.3041
193806,30.8849,39.6314,37.0905,31.7531,26.4706,35.1501,28.5227,29.9122,26.663,29.9553,34.5622,29.8191,28.7813,21.6224,33.331,21.8077,25.9765,25.3651,27.6954,37.7564,25.7197,27.1014,18.1652,23.5878,33.0816
193807,22.3467,3.5011,27.3537,15.2111,16.0892,9.4139,16.0704,16.4035,14.2569,13.6416,15,12.8562,9.2846,10.2821,14.512,9.0904,12.9624,14.4219,11.9237,15.8009,7.836,4.7089,5.5053,5.3945,11.2485
193808,-9.1333,-16.6124,-1.6279,-7.5066,-12.9165,-2.199,-4.3567,-6.3737,-5.5513,-10.2764,-3.9121,-4.37,-3.5523,-6.0147,-10.3429,-3.9073,-2.5524,-5.1516,-6.4522,-7.1343,0.3785,-3.7648,-5.7036,-3.9988,-7.4559
193809,-6.5881,0.8414,-6.7376,-2.9113,-3.5736,1.4002,-4.4608,-2.0558,-1.6695,-1.9817,-1.3714,-0.8175,-2.6126,-1.5902,-3.0473,-0.2908,-0.1406,-1.7002,-1.9752,-3.6548,1.3393,1.759,0.7332,1.0998,-2.3083
193810,10.0691,3.8137,19.2539,16.6569,14.497,14.1883,20.4644,11.9029,15.1874,21.6455,12.6048,14.3715,10.5,13.2573,22.2932,12.4918,11.0851,9.427,13.9577,21.2297,6.7534,4.9023,5.8632,12.8504,17.5364
193811,-6.9134,-6.8885,-10.7269,-0.8809,-6.7059,-6.6896,-6.9499,-2.528,-4.197,-6.1536,-2.5044,-0.8341,0.0589,-4.0546,-8.226,0.574,-0.8273,-3.7082,-3.007,-2.6973,-1.6734,-0.3739,-3.1439,-2.8097,-2.7116
193812,4.7146,3.4527,-2.0039,-1.6662,-3.0555,12.0658,4.8026,5.563,0.1546,3.9573,3.4704,8.8146,3.696,5.0836,4.898,4.9177,2.2993,7.2085,2.6134,12.3522,3.3156,4.0899,3.0087,4.752,12.805
193901,-9.2646,-0.2981,-9.0826,-8.2207,-8.098,-3.5947,-9.8167,-8.7106,-7.91,-13.1599,-8.4039,-8.7537,-8.952,-7.905,-10.2876,-7.3778,-7.966,-9.2318,-3.5447,-12.444,-5.9143,-4.298,-4.3258,-8.7689,-13.0243
193902,1.3477,-0.6874,3.8077,1.3332,6.4705,-0.1983,3.3702,4.3682,4.2399,6.999,3.3178,8.2826,5.0106,5.8557,8.2846,4.9566,4.8714,2.4727,3.5286,4.6672,2.8327,3.0669,3.7963,6.7992,8.3546
193903,-29.581,-22.4798,-22.1009,-20.4211,-20.8077,-20.3734,-19.2987,-16.5446,-19.1937,-25.829,-18.0895,-17.2904,-16.6693,-18.0831,-24.2334,-11.4772,-17.6102,-20.7211,-16.5403,-28.5366,-10.86,-7.9621,-11.468,-18.5194,-24.5218
193904,4.5451,-2.6785,2.1867,0.1911,3.7154,-1.4235,-0.8516,1.5461,1.3874,3.5578,1.5334,0.2458,-2.4216,-2.1144,3.579,-1.0473,0.1448,0.2103,0.4281,1.6089,-0.4708,0.4669,-0.1158,-2.4731,-3.7457
193905,6.1703,3.8691,8.0666,7.5497,7.2854,7.0642,11.5149,8.0874,9.1631,11.0943,10.4021,11.1305,11.043,8.7753,11.572,8.1204,7.877,10.1291,10.3186,9.8822,6.96,5.9158,4.08,6.6611,10.2164
193906,-10.2746,-14.5929,-12.8235,-11.2217,-12.6902,-9.85,-7.8338,-7.1808,-7.5355,-13.0048,-9.5398,-4.6678,-8.0753,-7.7477,-9.9007,-4.1247,-7.5393,-9.6379,-5.7667,-15.2125,-4.2709,-5.3061,-4.1165,-9.1719,-13.9625
193907,11.262,23.9556,21.0643,13.8415,12.0444,16.7809,18.1314,13.8664,12.9217,16.3198,16.1307,18.1326,13.6976,10.6004,15.9064,14.2763,13.4402,14.0249,11.9299,22.8004,10.9909,8.0004,7.7357,9.6411,16.5255
193908,-13.3532,-19.2645,-15.6376,-14.9698,-11.6585,-15.0539,-12.3838,-13.5704,-11.8243,-13.9676,-10.5805,-12.0503,-10.2737,-9.0229,-13.8594,-10.6086,-11.5174,-10.5473,-7.7289,-15.2912,-5.6059,-4.9626,-6.1093,-6.8636,-13.962
193909,113.4471,40.531,67.2074,50.365,85.9973,40.6874,38.8662,42.4886,39.0471,57.6213,27.5661,25.6863,36.8263,27.2173,73.7849,15.4522,21.2296,21.4104,30.0551,36.9825,12.6683,11.3442,14.2024,32.275,53.9451
193910,-8.0287,-6.9596,-4.0928,-5.9567,-9.3564,-2.1882,-0.7337,-3.6895,2.0231,-7.8844,2.1031,3.9168,-2.8352,0.7243,-5.6645,2.4159,2.2198,-0.2597,-3.76,-4.056,-0.1442,-0.2447,0.145,-3.6124,-4.6446
193911,-19.0771,-10.5213,-12.9416,-10.7779,-18.0459,-6.2031,-8.3447,-12.3188,-8.5795,-15.6147,-5.6219,-8.6467,-7.0653,-6.7086,-15.9344,-6.0271,-5.2461,-5.0056,-5.3216,-12.4395,-2.0805,-1.8767,-3.098,-7.9705,-11.9047
193912,13.7134,-4.3305,0.8491,1.7494,-2.1003,5.5255,3.8472,1.2769,0.7672,2.2117,6.2499,4.8487,5.8762,-0.2474,4.1906,4.0547,2.9049,-3.7292,1.2984,-0.483,3.6197,2.4561,3.9443,0.8,1.8858
194001,-0.9737,-8.5062,-7.3641,-4.3766,-3.5059,-3.2878,-3.8759,-3.4304,-2.5246,-3.1019,-3.5921,-1.7824,-1.557,-1.0237,-6.4076,-1.367,-1.7078,-2.8004,-3.7629,-5.3213,-2.1537,-1.7774,-2.0245,-5.0859,-7.185
194002,1.197,0.4296,12.2577,3.2055,8.7644,1.4929,6.0513,4.3604,4.6176,-0.8295,4.1461,4.7267,2.9132,2.472,4.2121,2.362,2.3725,3.7129,3.6343,-0.0257,0.8093,1.62,0.1238,1.7246,1.7851
194003,7.6518,4.8965,-5.9476,0.5272,3.4926,2.9283,5.0159,2.1196,1.9918,1.1619,6.3691,3.2003,1.3688,2.6529,0.8741,3.9978,2.126,1.7071,2.4124,-0.4785,2.4948,0.7684,2.1565,2.2855,2.8063
194004,20.5067,-1.0936,3.0001,4.5017,8.0101,1.7964,4.5226,1.2193,4.8446,3.8714,4.1782,0.6133,5.1611,1.1825,4.433,-1.635,-0.3947,-0.627,2.5018,-1.1178,0.0765,-0.3386,0.7349,0.0697,-1.8316
194005,-48.8896,-27.781,-34.3265,-28.6979,-33.1103,-22.9007,-26.1496,-25.7499,-27.6578,-33.8049,-26.8526,-26.9168,-28.1566,-26.2406,-29.0423,-26.281,-27.0855,-26.7942,-23.763,-32.8411,-21.5426,-19.3893,-21.8553,-21.6851,-26.2301
194006,9.2476,2.3282,4.6651,2.5791,7.3034,1.1939,5.7569,3.7412,7.4955,7.535,3.8851,7.2478,6.0807,5.3832,7.0996,8.9508,5.1268,8.0665,3.9497,14.0657,4.5629,7.448,11.327,5.7598,18.3487
194007,3.7613,2.3824,0.0311,1.2222,3.6809,3.9107,5.8298,4.216,4.3628,1.3749,7.3775,6.8238,5.1475,5.4362,3.8742,3.6417,4.1259,3.1287,4.7258,4.9517,3.8928,1.9244,3.301,3.1657,2.0654
194008,-1.1256,-1.498,5.2282,4.1193,-1.1641,3.5881,2.0324,4.4862,1.9503,4.3141,1.8216,3.0957,2.5046,0.9182,-0.3,0.8607,2.4876,4.5939,1.8511,2.2435,3.0783,0.9637,0.56,2.8927,3.8894
194009,2.9043,3.5315,7.5688,3.8372,4.4563,7.4153,6.2793,3.8149,4.3632,5.1382,6.1425,5.8126,4.3591,5.4747,0.3487,3.0629,5.2832,2.5702,1.792,0.6168,3.4792,2.1558,-0.4458,-0.2361,3.4851
194010,7.1185,5.6724,7.0149,6.3175,5.4485,6.7259,3.2222,5.5851,8.0677,8.1749,3.2894,4.0802,5.9477,5.4147,5.4521,4.0714,6.3046,5.2952,11.1255,10.868,0.1113,2.665,6.2378,8.5477,9.5839
194011,8.3531,-1.4243,4.1912,-1.1602,0.1549,0.8407,2.1776,0.4732,-0.7036,-0.6882,-0.3578,1.5571,1.1098,2.2063,-1.4449,-1.8537,-0.3454,-0.0948,1.1161,-1.4341,-2.6988,-0.9695,-1.356,-0.0361,-7.2135
194012,-1.1723,-5.477,-7.4744,-1.9661,-4.1523,-2.3302,-3.419,-0.9459,1.0333,-2.2639,0.0982,-0.9655,-0.7735,-0.3876,-1.4362,0.9584,-1.1797,-0.0868,0.1655,-0.7255,0.1967,1.6433,0.5019,1.1023,2.3815
194101,-8.6223,-5.7032,-3.0483,0.0371,0.5809,-4.5197,-2.7424,-3.2037,-1.6821,0.0742,-6.5182,-5.5029,-4.1758,-3.2732,1.2984,-5.4583,-4.5523,-2.5823,-4.7008,-0.4241,-5.7931,-3.7764,-2.825,-2.9824,-0.6331
194102,-7.6358,-3.0079,-0.0433,-4.3933,-2.7516,0.3992,-3.1685,-1.7592,-2.806,-2.2041,-3.8919,-0.7419,-1.7368,-2.0617,-2.3304,-2.5068,-2.2439,-0.2416,-1.2688,-2.1789,-1.4379,-1.6774,-1.3616,-1.4546,0.9816
194103,-1.5494,-3.1952,-1.0402,2.1064,4.1715,-0.2271,1.8315,2.6384,0.457,5.1966,0.2514,0.345,1.3819,1.5974,3.92,0.9277,-1.4639,1.1834,2.1567,4.0463,0.4858,0.9138,1.8397,1.3909,4.0789
194104,-15.6336,-12.9474,-6.8332,-4.9726,-4.2453,-7.4323,-7.3846,-6.0107,-4.6585,-5.7056,-5.0054,-7.121,-4.2707,-5.3533,-1.3567,-7.4815,-6.4431,-5.6712,-3.6472,-4.7337,-6.4072,-6.2936,-3.4803,-3.3122,-0.4959
194105,-0.6825,3.5569,-0.3989,1.4767,-1.2599,3.7179,1.6419,0.7506,1.7286,3.9797,-1.7269,1.1233,2.4794,2.8205,0.0396,3.6103,1.8299,-0.6838,-0.473,2.9212,1.0346,1.2132,3.2678,3.4206,-0.3561
194106,3.2547,-0.7542,9.0461,8.0823,14.0006,2.1106,5.7914,6.4787,9.753,7.4278,4.5104,6.8463,6.1526,6.4102,9.5034,4.7296,7.8786,5.1913,5.2658,4.6632,6.6449,5.0182,6.4857,3.9703,1.9459
194107,17.1194,25.1747,27.8332,17.6385,25.1609,10.0368,9.2413,6.4218,13.6943,21.4498,8.5867,7.9742,7.0049,13.3362,18.9306,7.8836,6.8938,9.6466,12.6623,24.6297,4.1482,3.1433,8.2527,8.4785,11.2157
194108,2.499,-0.4325,-7.5289,-3.0216,0.7956,-0.8105,-0.8282,-1.1419,-0.8672,0.0324,-2.0077,-2.1559,0.1182,-1.9397,-2.3984,0.8271,-0.0185,1.7713,-0.2811,0.6367,0.8902,0.2237,-2.0258,-1.2405,-5.1218
194109,-11.7981,-3.6548,-4.2792,-2.7961,-5.0932,-1.5868,-1.5728,-3.8777,0.7721,-3.5705,-2.8138,-1.3531,-1.1854,-2.9221,0.5262,0.089,-1.7513,-2.6338,0.1784,-1.4325,0.2453,-0.9215,-2.6361,-1.6996,-2.7127
194110,-8.6967,-0.3133,-7.9773,-7.2948,-7.9548,-6.7796,-4.879,-5.5607,-5.6224,-7.3401,-6.0231,-6.35,-5.0001,-6.4645,-10.3383,-5.0469,-5.5698,-6.1039,-4.3634,-4.9469,-6.7696,-4.7228,-2.1304,-1.7113,-1.8395
194111,-10.3848,-5.7382,-8.121,-4.3604,-4.2941,-1.6123,-1.4979,-5.162,-1.7756,-3.2587,-1.1078,-2.1765,-3.2744,-0.1944,-5.874,-0.8597,-2.0564,-1.8973,-0.9825,-3.1785,-1.9174,-2.7219,0.7237,-1.8956,-2.6879
194112,-18.538,-19.5785,-8.6899,-14.5642,-14.6055,-7.0576,-5.2865,-7.9379,-9.0978,-15.3464,-7.7475,-3.7771,-4.4825,-6.74,-8.3747,-3.5256,-5.4418,-6.5759,-6.0822,-9.1924,-3.3729,-4.991,-4.3318,-9.455,-6.8726
194201,34.5808,12.9913,16.22,20.5826,25.6369,8.6229,7.0258,10.0491,11.4863,16.823,3.9921,3.1435,5.0039,7.2257,13.7138,-2.3297,4.2709,6.2893,6.4379,9.0181,-2.9991,0.0927,-0.3913,6.8181,13.9124
194202,-6.7697,-8.6167,-2.0244,0.3042,-2.5389,1.1738,-1.2337,-1.5375,-1.6797,-1.5635,-0.5063,-1.4849,-1.0944,-1.4889,-2.8428,-1.9553,-1.7619,-2.9037,-2.1354,0.3506,-2.5961,-2.0408,-3.4129,-2.4637,-1.0914
194203,-7.7132,-7.1348,-6.6407,-0.8914,-6.5365,-5.1318,1.4456,-2.8808,-5.6702,-5.693,-2.5456,-1.8182,-6.3227,-4.7377,-7.4554,-5.2867,-5.9645,-6.2367,-4.2483,-4.9375,-5.581,-7.2735,-8.3789,-6.3303,-7.186
194204,-5.1224,-3.9776,-3.9659,-4.1746,-4.7639,-7.0903,-5.7351,-4.6446,-2.4885,-4.7723,-5.4624,-4.7195,-4.5035,-5.3041,-4.1168,-7.0527,-5.8661,-4.5991,-5.6212,-3.7676,-3.3412,-6.4899,-3.5619,-3.1789,-0.1794
194205,-5.9652,0.5333,1.6145,-3.5826,0.3074,0.7052,0.594,0.826,3.7071,-0.5942,0.6754,2.2471,2.313,4.3927,-0.7144,4.3247,4.6093,4.5721,1.7936,4.2777,8.2858,6.2672,5.4166,2.1891,-4.6484
194206,3.1542,0.9273,-1.3862,4.5688,3.5496,1.3625,3.9207,0.2279,1.7357,0.841,2.6323,1.7188,0.7384,1.9316,1.3718,3.8302,2.7195,1.9861,1.8017,-0.5918,4.4737,0.8325,2.0531,3.0269,5.7075
194207,6.0767,6.2309,7.9002,2.3307,7.7685,3.4139,3.0606,4.0946,2.4712,6.9846,4.1535,4.5697,3.0741,4.5911,3.7452,4.1293,3.3622,5.0205,4.9323,9.3486,1.964,4.3709,3.0069,5.8868,7.8579
194208,1.0916,5.7238,1.8402,1.9308,1.154,-1.114,2.9483,3.7863,3.143,2.3615,5.8661,2.8688,0.7989,1.9369,3.9947,2.9465,1.4411,2.2383,1.4532,2.757,1.1853,1.9759,1.1484,4.0009,5.5316
194209,6.8462,8.0872,1.6428,8.1752,9.073,6.5353,1.9197,4.7624,4.466,3.282,1.2227,1.9664,1.5656,3.8353,3.7826,2.5427,3.2774,3.0913,2.6247,6.9837,2.9858,2.706,1.4813,2.2386,5.6691
194210,1.4652,11.566,16.1034,9.1272,12.0147,12.2155,7.8631,6.6325,10.318,19.5692,11.0864,5.9876,9.4419,9.0701,14.2237,7.2395,7.3451,6.4308,9.8307,14.0186,4.9796,5.3726,9.8727,10.6336,13.386
194211,8.6365,0.3335,-7.231,-1.1375,-5.9875,0.2005,-2.0297,-0.7941,-3.7797,-5.9929,-1.6951,-1.4654,-1.2856,-0.012,-2.3823,0.2862,-0.3652,-0.8643,-2.2172,-1.3622,1.0401,1.9565,0.4421,-4.1559,-6.6454
194212,-4.6984,-3.437,3.1968,-0.8888,-1.0453,2.4662,5.7395,3.0398,1.9891,5.1322,3.5517,2.403,3.0809,5.0974,3.4818,6.641,4.7245,5.1413,5.024,6.344,5.8951,3.8926,6.4031,6.8419,3.8409
194301,32.1429,23.3289,21.4595,20.6379,32.6081,14.7957,12.0712,12.8712,18.756,24.5326,6.949,9.5841,13.6494,12.6319,21.2946,4.8222,8.645,8.7898,12.1466,12.1196,5.6107,5.4845,8.3032,7.72,11.8149
194302,17.1043,17.6739,12.0941,17.7885,26.8748,17.4132,9.4684,7.0974,12.5116,15.3117,6.4145,7.3596,9.503,10.231,19.4925,4.9119,6.761,7.1321,9.7326,11.6481,3.5779,6.2015,8.3277,9.8567,12.4628
194303,20.8898,0.7946,16.3511,15.8882,15.1757,13.9501,11.9203,15.5236,13.3204,19.3714,9.3934,7.5806,9.8808,12.3267,14.4448,8.9072,7.391,8.5664,11.8887,15.1941,3.6377,4.7388,7.5491,7.8217,10.6916
194304,5.7137,2.195,0.998,4.7946,11.776,-0.632,2.2846,0.7794,7.0497,8.3556,0.2024,-0.6248,2.9556,3.7209,8.3475,0.8609,-0.4474,0.5845,3.6693,14.6275,-0.7378,1.182,1.1376,-0.1443,3.9681
194305,5.7949,8.1713,13.0018,10.6391,14.9531,17.3169,10.585,9.2927,8.2362,14.8452,5.2614,4.8862,8.1707,6.4855,12.9248,3.1608,7.041,5.5858,8.4032,10.0143,5.3917,4.5431,7.0161,6.115,5.1045
194306,0.9553,0.7398,-0.6934,2.8362,-1.901,-2.0135,1.7675,0.3143,1.0175,1.7019,2.9695,1.3223,0.8386,3.3808,-2.4284,1.8127,2.3789,0.7562,2.4397,-3.948,2.0173,3.098,0.2874,0.4015,0.7489
194307,-16.4896,0.1867,-8.0345,-5.9559,-7.8338,-3.4903,-5.2755,-5.5857,-8.8629,-11.7715,-4.6268,-6.1912,-5.5574,-6.4522,-9.4224,-5.2767,-3.9728,-6.43,-9.0364,-10.3417,-5.4816,-3.4627,-1.8806,-4.5154,-4.3879
194308,-6.6784,-4.1773,-0.5297,-1.2564,-0.857,0.529,-0.6042,-0.8081,0.7854,2.338,2.3404,0.5104,0.341,2.4391,0.1893,2.3607,1.4061,0.2965,0.9839,-1.3805,1.4111,1.491,1.6998,0.2988,1.1951
194309,8.4694,2.0449,2.7893,3.2335,5.9795,5.4559,2.9839,2.8699,3.9657,8.1772,1.3881,2.5417,3.7696,1.2812,6.628,0.8695,3.3775,4.7663,3.5609,2.4999,2.5005,1.7722,2.2772,3.045,3.2422
194310,-2.141,-0.8784,0.5018,2.3948,-1.7141,-3.2286,0.7872,1.5134,3.9897,-2.7617,-0.8278,-0.5181,-0.2458,0.993,-1.6496,-2.0784,-1.4479,-1.4602,1.58,2.4574,-1.746,-1.1328,-1.0808,0.545,-0.8614
194311,-14.1132,-5.3508,-7.1949,-10.1173,-13.4516,-7.5226,-7.9066,-5.7384,-4.7071,-14.9127,-7.0863,-6.9034,-8.3452,-7.8097,-12.8803,-6.9463,-5.667,-8.181,-9.1832,-14.2059,-4.8151,-4.2885,-6.5098,-7.9342,-12.8814
194312,10.129,5.4316,10.822,13.5384,11.7626,7.0757,6.7673,13.0194,11.8808,12.5829,8.0137,9.0363,8.3485,8.7162,15.8544,7.2777,8.116,9.0615,9.8774,12.1941,5.3773,5.8503,6.4058,6.2265,7.8386
194401,6.5688,6.4656,5.0743,3.0459,8.3331,4.2351,5.3845,3.6367,5.4515,7.6692,3.9156,3.6404,3.1288,3.42,5.9873,2.0578,1.5275,2.6766,2.9309,5.3432,0.607,0.8687,2.1318,2.0864,9.132
194402,4.1823,1.6912,2.2453,2.9441,4.2984,2.3867,0.321,1.5641,-4.6952,3.8752,2.7989,0.8657,-0.0678,0.7553,4.908,1.0331,1.3724,0.8175,-1.2306,6.0029,0.1023,-0.1087,0.6209,1.4632,4.7016
194403,8.2516,12.1373,5.2936,5.0824,7.6364,1.6219,2.5968,3.0922,4.2128,14.1625,2.8805,3.5981,4.2595,4.7357,4.3321,1.0475,2.8549,2.9241,5.0438,2.7438,2.6778,1.6939,1.7432,3.0037,5.0739
194404,-5.4491,0.3893,-2.9184,-1.9956,-3.6973,-1.5315,-1.8509,-2.9371,-3.7865,-5.6198,-3.0164,-3.0489,-3.4798,-2.3007,-1.36,-2.664,-2.0722,-3.6274,-2.9204,-5.2439,-1.2435,-1.4341,-1.5862,-1.0426,-1.2181
194405,7.5139,3.1414,11.8401,6.3426,8.8601,4.818,6.1874,5.7272,5.3854,8.0988,6.0615,7.1244,7.0414,5.9606,8.9286,4.7423,5.7146,6.1351,8.7504,7.736,4.4385,4.6579,4.5819,4.4786,7.0071
194406,25.5976,14.4868,11.126,14.9118,16.5867,12.1279,12.4265,5.1505,8.1721,9.1455,5.5612,8.6696,8.9722,9.4539,10.1038,6.5747,8.0411,8.3906,13.8369,10.1989,5.5223,3.6879,3.3434,5.8914,5.2524
194407,-4.2234,-2.3568,-0.7932,0.9286,-3.9255,-0.0477,0.0052,-2.3526,-2.4831,-1.067,-0.3026,-0.6881,-0.6047,-1.4061,-1.1912,0.0786,-1.3893,-1.175,-2.6847,-0.4585,-1.9732,-1.5398,-1.1822,-1.116,-0.5269
194408,7.9502,2.7194,2.0053,2.8518,3.2762,2.9175,4.2923,4.5269,4.6696,-1.1398,2.793,4.439,3.8428,3.5007,2.2065,0.6848,3.1759,2.7238,3.7851,1.1094,1.7383,0.219,2.0225,1.0886,0.0978
194409,-2.3059,2.5285,2.9663,-0.0624,-0.4266,2.9494,-0.315,-1.4755,0.0497,1.3005,0.6987,0.9111,-1.1528,2.1047,0.3033,-0.1799,-0.9461,-0.1449,1.7168,-0.6069,0.4871,-0.3429,0.1536,-0.356,0.1582
194410,-0.2408,1.3284,1.1235,0.347,0.6171,-0.7889,0.5946,0.8179,0.6478,-0.942,-1.3722,1.2784,0.0212,-0.9328,-0.4783,-0.1952,-1.2562,-0.6319,0.444,-1.0976,-0.2989,0.9764,1.2975,-0.3345,0.8205
194411,2.5128,-0.8212,2.9322,4.9244,1.6744,2.3689,1.4715,3.4391,3.279,4.0685,0.4984,2.6057,1.3295,1.7221,3.7085,1.6311,2.36,2.4945,4.7691,1.564,1.074,1.6718,2.0999,2.5264,3.8894
194412,2.6415,4.0186,6.5661,7.283,15.2621,6.8354,5.4049,7.6115,6.9333,14.0395,5.3573,7.9906,5.907,5.426,10.8901,3.3637,5.1362,5.5872,6.5744,12.2393,2.1855,3.1485,4.854,4.7381,11.8332
194501,12.2978,4.8534,6.0913,4.7689,3.8313,4.8688,3.7373,5.1218,6.772,3.4336,4.0922,4.3166,3.8496,3.3437,4.6493,2.8471,3.1551,2.949,1.6218,3.4829,0.9977,0.7513,3.0179,5.9981,1.1559
194502,6.6349,4.9645,9.4874,7.7908,11.4183,7.4139,7.4469,10.5954,8.0611,12.0541,6.6769,5.7644,9.2334,9.1026,10.5011,6.7683,6.8516,7.0271,10.7896,14.3548,5.2516,5.1524,5.1454,7.5877,8.8503
194503,-8.0209,-8.0864,-9.1857,-8.2522,-11.8275,-5.0251,-5.3948,-6.9933,-4.3804,-1.5298,-4.2519,-5.823,-5.3557,-6.0317,-7.4631,-3.992,-4.2919,-3.4869,-5.0282,-4.9306,-3.8491,-2.7064,-3.7439,-5.6508,-3.6765
194504,3.2238,9.0147,9.6647,8.6498,8.5092,6.7074,7.1453,9.9369,8.3963,15.4438,8.9943,10.2253,6.8617,8.3835,12.0568,6.9155,9.3367,7.7951,7.7697,12.7896,7.6019,6.0619,7.7878,8.6241,11.0384
194505,2.3081,9.2928,3.7263,2.832,6.1668,4.4324,2.2645,1.0946,2.4686,7.6121,0.3596,0.9308,3.1952,4.649,2.0895,2.4335,0.5905,3.3403,1.035,3.2658,1.6526,2.0826,0.7885,-0.2616,1.5419
194506,16.5883,2.7366,4.8216,6.2506,15.0874,9.4331,0.0922,0.7836,1.3959,7.0655,1.6771,2.011,0.5636,2.6599,4.9976,-0.7002,0.2297,1.1532,3.2904,11.4133,-2.0849,0.225,0.8722,1.4777,2.075
194507,-2.9134,-3.7433,-4.3495,-3.8991,-4.212,-1.5252,-4.0578,-4.0317,-3.2962,-5.9044,-4.225,-2.5861,-3.6781,-3.9723,-6.6829,-1.0167,-4.3863,-1.541,-3.8144,-6.1706,-1.382,0.0438,-3.0603,-2.0285,-4.5328
194508,-1.4727,11.6538,7.9797,5.0945,4.8978,5.3135,8.0342,7.1788,6.3505,5.0762,10.1023,6.531,8.4925,7.3066,2.731,6.4567,9.2426,9.3429,6.292,0.8719,8.931,5.0912,4.126,2.467,2.6278
194509,14.1236,8.2943,3.2057,7.1683,7.6846,3.9157,7.8,7.0039,6.9597,8.163,6.5669,6.6078,6.3305,7.5672,5.0723,4.462,7.0108,5.8106,5.8946,10.4561,5.0607,2.375,3.9485,5.0483,5.7815
194510,16.0256,10.1274,11.0303,12.5976,9.7257,5.9759,6.1409,5.9352,5.9683,5.726,5.131,3.4193,6.3418,5.4745,5.4999,4.545,3.1111,6.032,5.8203,6.3481,2.0866,3.1127,5.508,7.1776,4.3251
194511,8.77,9.1106,13.9497,13.4296,11.9104,13.6065,8.5252,7.3016,13.0175,9.6633,7.2331,11.4108,6.2767,9.3751,8.868,7.5052,10.5503,8.6932,10.7964,17.1955,2.1217,3.464,5.2022,5.499,9.1532
194512,6.2425,2.8012,4.9164,3.3152,3.0141,5.0761,5.8226,3.154,3.4033,3.1392,2.3098,-0.0249,1.9465,4.8284,-0.7455,2.1947,2.5016,2.4518,2.8255,-0.2939,1.7645,0.8187,1.4351,-0.887,-1.0365
194601,34.0108,9.3653,11.6478,11.6472,16.7396,7.431,8.3655,7.7537,8.2617,12.5847,5.7144,9.5947,6.6302,5.372,15.5299,5.0626,8.3897,9.1739,7.4661,9.8442,6.145,4.4365,4.0432,6.4845,7.8369
194602,-5.0543,-10.1231,-6.413,-6.9825,-6.255,-5.0492,-6.3736,-7.1999,-6.1376,-7.6358,-6.5982,-6.1098,-5.8962,-8.4968,-9.5433,-5.1291,-6.1473,-5.3356,-6.8233,-7.3587,-5.8773,-4.37,-4.9421,-6.7446,-7.637
194603,-4.3296,3.7241,4.9845,4.4974,4.0457,3.6997,7.694,5.4738,8.0035,4.1606,6.9856,8.4857,8.6189,8.4129,5.757,9.1837,8.4537,8.2929,6.3502,4.4968,4.5982,4.5005,8.3348,7.5423,3.8262
194604,2.865,6.2584,15.8161,7.0215,6.7147,4.2556,8.8876,7.5997,6.6193,7.6425,3.9071,5.4133,5.524,6.6859,3.7801,6.3648,3.7632,7.7945,2.7746,1.116,3.4078,3.965,5.5076,5.7402,1.8983
194605,9.0831,7.5393,4.7079,1.8392,6.4597,6.1968,4.0111,6.0705,4.168,8.8903,5.2592,8.4287,7.5523,5.7528,4.4729,5.1432,4.2832,5.1288,7.1788,11.3292,2.5617,4.0211,1.8909,5.7224,5.7257
194606,-6.0324,-3.8834,-5.802,-4.1781,-6.0803,-4.1699,-5.6062,-5.2942,-5.5726,-5.9305,-5.4143,-5.6642,-4.6565,-6.3448,-4.7646,-5.4387,-6.2437,-5.4824,-6.1204,-5.3901,-4.3085,-2.5137,-0.9666,-5.6233,-2.7747
194607,-6.6808,-6.7544,-0.1055,-3.2959,-6.525,-4.171,-5.0913,-3.6122,-3.9153,-4.7177,-5.5513,-2.3864,-4.7555,-3.4537,-4.5924,-3.7716,-2.366,-4.0807,-3.7856,-6.2642,-2.1114,-4.2229,-1.6576,-1.218,-2.5111
194608,-9.5653,-8.7333,-10.4876,-7.7068,-9.1426,-6.8787,-8.0261,-8.3352,-8.5286,-7.9592,-9.0849,-8.0579,-7.1929,-6.4818,-8.4587,-6.7563,-6.2783,-6.6416,-5.4675,-9.205,-5.9922,-6.685,-6.6606,-5.0463,-6.7526
194609,-16.0231,-18.3151,-15.1269,-15.149,-18.3039,-14.006,-13.5561,-13.7475,-13.0178,-16.3693,-13.8491,-11.8464,-13.1732,-11.9792,-14.801,-11.1987,-10.8013,-14.4388,-8.5019,-16.337,-9.8105,-8.642,-6.4043,-8.3554,-13.0888
194610,-4.0702,-3.6252,1.584,-1.5394,0.2542,-4.6607,-2.5873,-1.1022,-0.6646,-0.7242,-0.9219,-2.511,-2.134,-0.4684,0.8587,-3.6438,-0.4553,-2.1094,-0.9588,2.9369,-2.3744,-2.7363,-3.409,0.1557,0.9836
194611,-2.87,0.9934,-2.7122,-1.9177,0.3515,-4.4598,0.0902,-0.3168,-0.74,1.9406,-0.5375,0.5488,1.0863,-0.771,2.2338,2.0501,0.313,1.3296,-0.7904,0.8363,-0.2484,-0.168,0.292,0.8825,-0.7145
194612,1.6814,8.4591,3.4623,3.2461,3.1067,4.556,6.9336,4.0272,4.7507,4.1911,5.9205,4.5187,6.7261,7.0546,3.1989,7.3988,5.3931,7.9898,2.6343,4.3102,5.3036,6.3222,4.0363,4.4418,3.6567
194701,5.8837,5.8197,3.0515,5.0178,5.1362,6.406,2.4403,3.0751,2.3687,4.4307,1.5884,2.7626,2.0569,0.2118,4.5387,-1.7612,0.762,1.7238,3.3573,1.8998,2.3781,-0.1532,1.325,-0.5479,1.3859
194702,1.0628,-2.0283,-0.9668,0.9608,0.2818,-2.3234,-0.0557,1.6222,-1.4643,0.9856,-1.1892,-1.4645,-1.375,-0.7029,0.804,-2.1403,-0.8833,-2.0517,-1.844,0.1675,0.6778,-0.4905,-1.554,-1.615,-2.5122
194703,-5.2755,-4.4748,-5.0604,-4.6284,-1.7308,-4.322,-4.2794,-3.5066,-2.5023,-3.024,-2.6789,-2.7427,-2.5661,-1.3083,-2.4601,-0.435,-1.6222,-2.7638,-0.7299,-2.6737,-1.733,-2.0519,-2.0722,0.647,-2.1638
194704,-11.2715,-9.7146,-9.8552,-9.2389,-9.3387,-9.1413,-6.3368,-8.1044,-9.4806,-8.9607,-9.415,-8.5596,-7.4317,-6.5755,-6.5664,-6.6669,-6.3857,-7.5659,-8.5651,-8.0767,-4.7294,-5.3519,-2.3967,-2.7514,-3.8971
194705,-6.2296,-7.0307,-7.2624,-5.12,-5.6553,-7.1086,-4.2828,-4.3186,-3.3772,-1.884,-4.4792,-3.0159,-4.2153,-2.5113,-3.7851,-3.1222,-3.4698,-1.3722,-4.441,-2.5742,-0.8384,-0.0516,-1.2164,1.8973,-2.1185
194706,7.0711,3.2152,7.7835,2.8727,6.3056,4.8163,5.2877,5.5001,5.9915,4.4943,3.5199,5.5668,5.4327,6.1162,5.5213,7.0629,5.7786,5.4901,5.0874,6.0818,6.1409,7.4806,0.7469,6.0575,4.3783
194707,10.172,7.9085,7.9092,5.1595,8.9762,4.7034,6.7841,5.6373,6.3608,8.1313,6.3167,4.0216,8.2587,6.7175,7.3633,3.8591,3.9546,7.7394,4.749,9.9718,3.384,3.7422,2.624,3.5858,7.2516
194708,-2.5053,-3.8744,-3.4238,-1.3384,-2.1535,-2.3928,-1.1933,-1.8317,-0.6389,-1.7274,0.3392,-1.3527,-1.802,-1.5284,-0.9215,-1.434,-1.2191,-3.0148,-1.8871,-1.9299,-1.7626,-1.7882,-1.4383,-1.0352,-2.9782
194709,1.1655,0.7686,-0.704,-0.1653,2.8832,-0.7766,1.9691,0.9669,0.8365,3.1947,0.8381,-1.4798,0.6908,1.4724,1.9486,-0.7858,-0.7928,2.5309,2.2629,0.8867,-0.5743,-0.7998,-1.3858,-0.3004,-0.5708
194710,2.4823,5.423,7.8999,4.263,2.4224,3.1579,3.4995,2.8325,4.3899,3.2862,5.136,3.1078,3.6743,4.6514,0.6255,3.4623,2.7021,4.1767,1.6128,-0.0848,1.7819,4.2581,2.4458,2.5066,3.5972
194711,-4.77,-6.4146,-3.781,-2.073,-1.7576,-5.1604,-3.2315,-2.52,-3.9708,-3.206,-2.5716,-3.8256,-2.8956,-3.1431,-1.6766,-2.9005,-2.5284,-1.9128,-1.8849,-3.974,-1.7353,-1.7017,-1.3574,-2.3649,-1.4914
194712,-3.4891,3.6486,-1.7521,0.0531,4.8499,-1.2221,1.5406,1.5926,-0.5546,6.5823,1.9733,4.0878,0.3107,2.4193,3.0699,4.5324,3.0136,1.1408,0.5896,3.5147,1.6701,3.6628,3.6834,4.7988,7.5039
194801,2.4185,-0.6446,-2.4237,-1.1961,1.385,-3.2778,-2.2057,-3.2084,-1.1893,-0.1046,-3.9169,-3.4773,-2.2235,-3.8637,-0.0743,-3.1841,-3.7928,-3.3748,0.6246,0.2599,-4.8982,-4.3532,-4.314,-3.2964,-4.2245
194802,-8.752,-6.8018,-7.8778,-6.9402,-6.498,-7.1368,-6.1901,-7.1111,-5.5453,-7.2529,-4.8751,-7.5267,-6.3109,-6.7606,-4.9581,-5.3815,-5.4955,-2.9019,-6.7286,-6.6595,-4.6258,-4.7825,-2.8206,-4.0392,-3.822
194803,14.4288,7.8481,10.1231,10.0021,10.9967,5.4053,6.723,9.0055,10.1809,12.9934,6.6856,6.9913,11.2659,11.271,11.8625,9.0663,8.2638,8.3468,10.8786,13.2459,7.3579,10.6296,6.2753,8.6645,10.585
194804,-0.3883,7.1408,1.5462,5.1532,5.5521,4.4818,1.3777,1.2663,5.3201,5.4009,2.3742,2.2824,2.2033,2.8115,3.8987,5.1133,3.7119,6.9708,1.5052,7.0991,1.9807,2.9224,4.8116,3.9448,7.8192
194805,13.1693,10.8332,13.5055,5.9872,8.2343,8.3548,9.3959,10.448,8.1613,7.826,8.0258,8.3608,10.1744,10.3465,7.1174,5.7429,7.9773,8.4008,6.9707,8.621,8.7079,9.443,5.1795,5.8491,7.696
194806,-4.63,1.0643,-2.2023,-0.2573,0.5392,-4.1957,-1.9266,-2.0618,-1.6719,4.1116,-1.1235,-1.0151,-4.1411,-2.2936,0.0198,-1.2632,-0.3184,-1.9134,-3.0473,-0.4654,-0.4537,-0.7977,1.3724,0.1518,2.8709
194807,-7.2728,-5.1581,-7.6206,-5.8686,-4.8156,-5.8359,-3.9743,-4.3579,-4.7843,-3.6827,-4.2133,-4.9224,-5.4674,-6.177,-6.3926,-5.9075,-4.7039,-4.9711,-5.4216,-2.645,-5.1521,-6.2735,-3.7291,-4.7553,-5.3513
194808,-5.2559,-2.2893,-0.9048,-2.0229,-0.7975,-0.9235,-0.8982,-0.0414,-0.4762,-0.1327,-0.9566,1.6085,0.7087,-0.0002,0.7073,-0.044,-0.1803,1.2793,0.6908,-0.5548,1.1066,-0.3488,-0.1018,-0.6726,1.3167
194809,-3.7397,-6.1853,-3.3994,-5.7797,-5.7799,-1.0827,-2.6747,-3.9565,-3.9041,-5.7173,-3.5127,-4.9688,-4.1597,-3.7652,-5.62,-4.3704,-2.7455,-3.9258,-5.1958,-5.585,-2.4568,-3.5829,-0.9078,-4.0125,-2.847
194810,2.415,3.5594,5.6773,5.0419,5.4048,2.535,4.3027,5.3655,4.3888,7.5225,3.8708,5.5385,5.4535,3.9792,4.3547,5.2639,5.1867,6.1789,6.5535,6.2632,6.419,8.3944,4.222,6.0934,6.5002
194811,-13.5533,-10.6195,-12.6654,-12.0256,-11.8748,-9.163,-9.4441,-9.6889,-11.3004,-13.0447,-9.6426,-9.0215,-7.6898,-10.511,-14.101,-8.8463,-8.3712,-9.1,-12.2506,-14.7887,-8.3494,-9.7213,-6.9203,-12.3888,-14.1377
194812,6.0009,-3.9957,-2.2641,-3.0349,0.7801,0.6076,0.8293,-0.3563,0.1612,0.413,3.0853,2.8479,1.1484,0.4217,1.9645,4.1038,2.8592,0.5637,2.8248,1.6293,5.2903,3.594,3.0007,2.4791,2.272
194901,-1.2356,5.3954,5.3275,2.847,4.3415,1.5979,1.0226,1.4808,2.7694,2.4592,0.9168,-0.6537,0.7647,0.5786,0.1492,1.2614,1.4789,3.545,-0.123,2.3646,0.764,-1.9082,-1.5393,1.1269,1.761
194902,-6.4024,-3.777,-4.6799,-5.6354,-3.5671,-7.9531,-3.8959,-4.6608,-4.8413,-6.5362,-2.4168,-4.6991,-2.3931,-2.9775,-6.1166,-1.1104,-2.277,-2.3063,-3.7329,-3.2687,-2.6005,-3.7111,-1.8739,-1.7915,-5.6568
194903,8.1838,7.2167,8.0467,5.8008,6.7478,5.9662,7.6335,5.3669,5.3337,7.5983,5.8474,5.2071,4.946,7.7065,7.6454,4.1907,4.123,3.6244,4.67,7.747,4.3415,3.5864,2.6085,5.7326,4.0592
194904,-2.0212,-3.1608,-1.6222,-3.2195,-2.9841,-3.6168,-2.2731,-3.5901,-3.5954,-3.4493,-2.0552,-2.4227,-3.6829,-5.0697,-4.3065,-2.2625,-2.4117,-2.4419,-4.5223,-4.3353,-1.9573,-0.4027,-0.8603,-0.3669,-2.0943
194905,-11.5317,-6.9237,-7.2639,-6.4852,-5.9579,-3.3126,-4.857,-2.2568,-4.2244,-6.7197,-3.4407,-2.5287,-1.9685,-3.7484,-6.412,-1.762,-2.3933,-1.2636,-3.1152,-4.6772,-1.9361,-3.1054,-2.3866,-5.6512,-5.8624
194906,-1.6821,-3.056,-1.5031,-0.1755,-0.4156,-2.972,-2.0801,-0.34,0.1519,-1.8435,1.4069,-2.6679,-1.8763,-0.8683,-3.9077,0.6194,-0.3404,0.4921,-1.0084,-1.3956,1.1328,0.1598,0.8397,-0.0504,-3.183
194907,11.6855,5.5437,5.6198,5.7502,5.1125,4.4447,6.9764,6.9401,7.9995,4.9915,7.1692,7.1621,6.3979,7.1817,6.1444,6.6769,5.6629,7.3849,4.3079,6.6844,5.5996,4.7661,5.1624,5.9566,7.2034
194908,3.3537,3.4993,1.9313,3.0862,1.8232,1.0799,3.3958,2.872,2.4083,1.1789,3.951,1.4444,4.0895,1.3499,3.1553,2.042,2.5015,2.5531,0.206,4.6929,2.891,2.6903,3.5745,2.6136,1.984
194909,9.8788,0.9081,5.1468,3.5238,3.4858,4.4939,4.1492,4.3325,5.467,5.3602,4.6869,4.9902,3.4687,4.2204,4.167,4.1806,4.4134,3.1165,4.0217,6.1667,2.8391,2.1578,3.9748,3.7766,4.2398
194910,8.6956,3.5074,6.5627,6.738,4.6341,6.1582,4.7281,2.3846,4.5674,2.206,3.4177,4.0685,2.1375,3.8674,5.379,2.8727,2.1107,4.1388,0.4448,1.9252,3.6584,3.0261,2.6522,3.3588,2.0448
194911,-8.9028,1.5771,-2.9583,-0.2627,-0.0204,-2.1811,1.2484,1.127,0.1974,1.0217,2.2828,2.395,1.2631,0.2571,0.5457,1.2181,1.9626,2.3195,0.4624,3.5896,3.3805,1.0417,-0.1487,0.8087,2.1145
194912,6.9579,8.5891,7.2972,7.4157,8.6126,5.1126,6.4647,7.1187,6.9075,8.722,6.8461,7.1922,6.1009,8.1955,12.6545,5.4137,5.3441,6.8672,6.6873,7.8367,5.8931,3.288,2.8615,4.8186,7.3592
195001,13.2026,3.4638,6.9472,4.4256,6.479,10.2883,5.2163,4.2347,2.3548,4.7877,3.7651,5.6228,3.4709,2.2185,5.8561,0.6469,2.1896,2.7575,2.7849,8.4416,0.8839,0.7521,2.3292,1.4475,5.6449
195002,3.7114,5.8813,3.7092,3.8144,0.4039,2.8156,1.5244,2.8268,2.487,0.5664,1.6351,1.2552,1.1766,0.9766,-0.2943,1.3796,2.2651,1.7495,0.5781,2.2912,1.9782,0.7732,1.2733,1.1925,1.3865
195003,-1.9889,0.0643,3.7872,-1.958,0.1768,-0.9972,1.539,-0.962,-1.0846,-1.4018,1.0697,1.2675,-0.0965,-2.2415,-1.8778,2.4194,0.7441,-0.2985,-1.3462,-1.1631,1.9733,1.6177,1.5705,1.7275,-0.2686
195004,10.5076,3.315,8.0555,5.3199,7.4031,8.0904,5.8468,5.7715,4.6332,7.4412,3.5909,4.107,5.6377,6.5105,9.9395,3.617,1.6034,4.4629,4.5267,3.6203,5.3459,2.3922,3.1926,3.7251,4.303
195005,-2.1134,2.6818,-0.627,3.4098,3.2503,1.5985,1.7575,3.6556,3.6899,2.8456,1.4871,1.3955,3.2667,4.7732,1.9171,4.5315,2.4057,4.0739,3.1417,1.9089,4.9197,5.2347,5.0488,5.5402,2.1538
195006,-14.2631,-10.1202,-10.7947,-8.6557,-10.3355,-6.8224,-6.5897,-7.2854,-9.3963,-9.6113,-6.5819,-8.1098,-5.802,-7.8321,-8.3509,-7.1604,-8.3399,-7.6647,-5.6246,-8.4905,-5.5369,-4.9535,-6.0125,-3.5444,-7.2237
195007,5.6316,2.3724,5.7999,8.735,12.747,0.6715,1.6373,4.5788,6.2682,14.3381,-1.8661,-2.3316,2.327,7.3613,17.7764,-1.6562,0.4862,5.3773,8.2947,15.6296,-3.904,-0.6765,6.6088,12.568,12.8352
195008,0.1924,6.2809,4.5511,3.1852,5.7761,5.7622,3.8811,5.7524,5.9672,2.1098,5.065,5.0855,5.7979,5.9997,4.35,4.7413,4.3722,4.2629,3.4944,4.0267,6.6768,3.7233,4.9222,2.4714,2.8463
195009,5.6458,5.7721,2.8006,4.3141,3.2939,5.8189,5.8195,4.5755,6.0425,6.2364,5.6587,6.3346,6.7462,5.1757,5.6582,6.3232,6.5065,5.7884,4.3371,9.0788,5.3179,4.2464,4.3314,4.0047,3.1613
195010,-4.2171,-3.1522,1.387,-1.0882,-0.2167,2.595,0.0582,-0.0049,-1.0665,1.1376,0.2037,-1.4729,-0.6008,0.0313,0.2269,-1.2108,-0.9725,-1.9367,0.5814,-3.2306,0.1294,-0.2511,-0.8446,-0.8059,4.6091
195011,-1.0525,2.1534,1.3371,1.8471,5.2773,0.1354,0.7347,2.0219,2.6262,8.3388,0.9683,1.5904,2.349,2.9247,8.5056,2.9011,3.2498,2.902,5.5916,7.7221,2.6265,1.8074,4.0934,4.5971,2.4505
195012,8.4945,7.6947,11.4658,12.7312,14.5444,9.4279,6.0052,10.5161,8.6044,14.4941,3.0784,3.6319,6.1527,8.3448,15.1117,4.7617,3.8839,8.9719,10.7421,12.9279,3.1198,5.0644,5.8967,9.4055,10.4279
195101,8.8155,9.078,8.7126,6.8038,11.3216,5.1693,8.6369,5.889,8.3908,9.8197,6.9758,6.9519,6.8127,9.6293,9.1685,6.5243,7.5663,6.741,6.0772,9.4084,4.7282,3.9111,7.1015,5.4008,10.2398
195102,1.1488,0.2168,-0.5499,0.9248,0.1236,1.7748,0.3074,2.2784,-0.104,0.8098,1.9635,2.2525,2.4047,-0.6927,-0.675,1.3199,0.9637,2.7306,1.4251,1.7089,2.5191,1.752,2.2477,-0.0069,-2.7632
195103,1.3226,-4.8075,-4.627,-4.923,-6.7552,-1.9876,-1.0642,-3.3028,-5.6011,-5.1677,-1.5496,-0.968,-4.7552,-4.7589,-6.0536,-1.5993,-1.8546,-3.8661,-6.2029,-5.5661,-0.529,-1.3306,-2.9798,-3.4812,-4.895
195104,1.7789,3.2251,5.0833,3.9107,5.0706,3.1938,3.2616,3.6623,5.7716,5.0899,0.6693,3.6589,3.8309,5.6372,7.6127,4.6442,4.7812,3.8768,5.3693,5.1288,4.659,2.9398,8.8547,6.5004,7.8204
195105,-4.4766,-2.6322,-3.7072,-4.3733,-3.9464,-2.2808,-2.5004,-1.8886,-3.0158,-4.6755,-2.3617,-2.0752,-2.4709,-2.8998,-0.9716,-1.9808,-1.8923,-1.4451,-2.7187,-3.953,-2.2679,-1.7177,-2.2634,-2.0008,-4.7911
195106,-3.9466,-7.3009,-6.8667,-4.6286,-7.2121,-4.2739,-4.2237,-5.6675,-5.8278,-7.3052,-4.4491,-4.0828,-4.2306,-6.3851,-10.7813,-2.797,-2.7422,-4.4938,-5.1728,-8.0965,-2.0113,-2.0023,2.0391,-3.7783,-6.6823
195107,2.7434,3.3705,3.3988,4.3659,4.2876,5.2514,6.0635,5.6961,7.0039,7.3612,4.0477,6.7369,5.0511,7.2364,6.7844,8.5137,5.9287,6.3035,8.3386,10.8979,7.0286,5.6805,6.7241,9.3385,10.8461
195108,10.2627,13.2263,4.2956,6.0737,5.1666,4.0404,5.4661,3.6247,6.6445,3.8069,4.6098,5.9754,5.1464,4.25,4.9286,3.2958,4.589,4.2416,4.243,1.6658,3.7391,5.7133,4.5506,5.0872,4.7727
195109,3.2795,2.2512,3.0143,2.2391,1.9469,2.92,3.7459,2.9059,1.8245,4.4819,0.4452,1.914,1.7142,2.7737,3.6614,1.1172,2.1669,2.7297,3.3943,4.0547,0.4701,0.5838,-0.3895,0.1089,1.858
195110,-3.5124,0.3929,-3.1266,-3.0295,-1.6641,-2.4009,-2.6417,-2.1173,-2.9001,-4.3296,-1.4865,-1.6024,-1.817,-2.3637,-4.2546,-2.8685,-2.2785,-2.7714,-1.2778,-4.3741,-4.2676,-2.5728,0.518,-0.2347,-3.4342
195111,-0.2918,-1.1956,-0.5439,-0.2275,-1.2201,0.3966,-0.6933,0.5931,0.3005,1.3233,1.0135,1.9704,1.6099,1.0782,0.393,0.6789,2.6514,1.8341,1.64,1.4125,0.7308,1.2077,0.0137,-0.1574,1.6531
195112,-0.6531,-0.3302,1.1402,0.8243,0.2234,2.6437,-0.1409,1.6753,1.0058,0.7465,1.1775,0.6306,1.4198,-0.2284,0.5915,2.7253,2.8434,1.7052,1.1987,1.5338,4.9985,2.9271,4.2053,2.6199,1.4753
195201,1.3113,2.7396,1.1931,1.373,2.091,2.0337,1.9938,1.2703,2.5027,1.1032,2.0812,1.8772,0.8363,1.2126,2.0918,1.9185,1.5903,1.3145,2.2425,1.3726,-0.229,2.0105,2.9082,4.5759,3.5187
195202,-3.8411,-3.3243,-2.4037,-2.9616,-2.855,-1.6171,-2.1336,-2.9345,-1.6811,-1.9078,-1.5986,-0.7281,-2.3555,-2.6546,-1.7044,-0.8897,-1.1477,-3.4097,-2.1322,-1.6424,-2.324,-2.5878,-3.1852,-3.1748,-3.5029
195203,1.3001,1.5038,1.6045,2.4237,2.3905,0.9438,1.8378,2.0037,2.746,4.8917,3.357,1.8118,2.5172,2.3698,4.3179,2.6565,2.411,3.1039,5.4576,7.3813,4.83,5.2422,4.3277,6.8013,7.3267
195204,-5.8473,-7.0025,-4.3108,-3.8152,-4.9811,-4.9275,-4.9637,-4.2643,-5.4963,-3.9524,-3.9439,-5.5031,-3.7755,-4.5303,-3.0594,-5.7587,-4.2299,-4.2747,-6.264,-2.783,-4.7197,-4.3054,-4.5717,-7.0917,-5.8778
195205,-5.7438,1.0672,2.804,2.082,1.4566,2.1308,2.3019,2.9478,1.9646,3.1104,2.6205,2.9168,1.4384,2.5008,4.0166,3.3528,2.2933,3.382,1.9193,3.1757,4.1375,3.0305,2.7078,3.8127,3.4389
195206,2.3068,6.1368,2.0095,2.4022,3.3778,2.9586,1.7948,2.0596,2.7021,4.074,0.8497,3.0095,2.8965,4.085,3.631,3.2961,4.0586,2.7738,3.5987,3.8076,4.0703,4.2618,4.3186,3.323,7.0475
195207,1.1811,2.0697,2.5415,0.8343,0.4549,1.8524,-0.0895,1.5614,1.3321,-0.3329,1.5688,1.0095,1.593,1.5258,0.0848,0.8923,1.3121,1.635,1.0958,1.7307,1.3085,1.0821,0.0841,1.4464,1.3921
195208,-4.8073,0.2576,0.6815,0.2026,-0.1541,-0.0354,-0.2424,0.8468,1.6949,0.0861,0.0447,1.2401,1.8932,-0.4278,-1.7122,-0.006,1.0011,-0.4818,-0.11,-0.0156,-0.7709,-1.3825,0.2622,-1.8123,-1.3151
195209,-2.5448,0.2051,-1.2484,-1.7025,-1.1163,-1.6842,-2.078,0.0509,-2.101,-1.7333,0.1121,-1.1906,-0.7176,-2.8916,-2.5984,-2.2382,-0.4897,-1.3715,-1.1327,-2.4167,-1.5504,-2.1891,-1.5605,-4.5134,-2.0767
195210,-1.5118,-2.7403,0.2072,-1.2099,-1.285,-2.3499,-0.9398,-2.2155,-0.9545,-2.4744,-0.4405,-0.136,-1.8059,-1.2941,-0.8483,-0.1674,-1.3877,-1.6662,-1.777,1.3141,-0.9162,0.2365,-0.2686,0.1705,-0.3353
195211,0.1103,8.4144,2.6982,4.3634,4.6737,6.5397,3.6475,5.3629,6.589,5.8594,5.2666,6.4845,6.0558,6.1,6.2635,4.3955,5.9082,5.8285,6.1199,7.2,7.3396,5.0277,4.3687,7.0484,8.3554
195212,1.3515,-1.6775,0.3257,0.5831,1.778,2.0404,2.8798,4.0808,2.591,2.5201,1.967,2.1635,1.8764,1.3295,2.7057,2.2108,2.0175,1.7747,2.7068,4.3728,3.2174,3.3549,2.6888,4.2941,4.7943
195301,5.1547,5.7551,3.3201,4.3515,4.0144,4.0719,3.0607,2.7974,3.7368,3.9369,2.3406,1.0126,3.2935,3.3267,1.6332,0.2636,0.7357,3.7543,2.174,1.9051,-0.9896,-1.2145,-0.0552,-1.0334,1.2325
195302,7.0319,3.9153,4.4165,2.6236,2.2776,1.8488,0.0565,1.9003,1.5746,1.6431,1.6427,1.5324,0.739,1.4153,0.1698,1.41,0.4951,0.0171,1.8247,-0.8486,-0.6268,0.0076,-0.3769,-0.3783,-1.2239
195303,-10.5707,-3.6869,-1.7723,-1.0461,-1.5212,-2.7129,-0.5921,-1.5628,-1.7762,-2.0322,0.5015,-0.587,-1.6435,-1.2226,-1.9278,-1.0781,-0.8185,-2.2227,-2.5251,-0.8935,-1.3104,-1.4482,-0.777,-1.0668,-2.9203
195304,-1.1404,-4.8773,-1.016,-1.9176,-1.7483,-3.1022,-3.2882,-1.5468,-0.659,-1.7794,-3.705,-1.498,-2.2405,-1.6771,-1.6361,-2.0822,-3.3891,-1.566,-1.915,-2.2839,-2.7524,-3.3836,-2.4814,-2.5675,-1.6837
195305,3.5978,-1.1586,2.3189,-0.2492,1.4909,0.0994,1.2899,1.7064,-0.1973,0.6422,0.1623,-0.352,0.7063,0.7632,1.1336,-0.2221,0.0392,0.5014,1.136,4.221,0.8157,0.6316,0.394,1.0602,1.9497
195306,-6.6523,-5.6764,-5.3746,-3.3083,-4.6479,-3.1294,-3.982,-2.4666,-3.2394,-4.9608,-2.4932,-3.2447,-2.6206,-4.151,-2.9896,-2.4543,-3.3811,-2.5646,-4.2574,-1.4266,-1.7331,-1.2316,-0.2051,-1.8065,-1.2422
195307,-0.2172,-0.0292,2.1738,1.3368,2.4746,-0.5866,1.4079,1.5849,1.4388,1.1059,1.3582,1.5294,1.604,2.4119,2.0613,1.5806,1.7393,1.8342,0.4916,0.9854,2.8246,3.3919,1.8183,1.6808,1.5345
195308,-8.8272,-7.0503,-7.4339,-5.8358,-5.2902,-3.3858,-3.6959,-5.2511,-6.3854,-6.3717,-3.6141,-2.1788,-5.6667,-6.333,-8.3328,-3.9978,-4.0451,-4.1104,-6.4905,-9.2172,-3.5851,-4.0631,-4.5403,-6.361,-9.6234
195309,-1.918,-3.8666,-1.126,-1.7722,-3.3028,2.462,-0.967,-0.9686,-0.7162,-2.3087,1.0484,-0.9142,-0.8231,-2.0299,-3.1489,-0.1891,0.7384,-0.3777,-0.9968,-2.7834,1.2322,0.803,-0.7554,-1.3006,-1.6461
195310,-0.4191,2.4924,3.4798,1.361,2.5893,0.7389,3.5182,3.5975,2.9443,3.682,4.1577,4.0099,3.8931,5.958,3.5104,4.3948,4.4568,5.3648,3.3997,3.3954,5.2976,4.1845,5.1452,5.7789,3.559
195311,0.1468,4.4652,2.0039,0.9555,1.9846,1.9035,2.6021,2.7179,0.6391,1.5709,2.7948,1.7934,1.4256,1.7266,1.9013,2.6092,2.8421,3.2551,3.5888,3.8016,3.9,2.3361,1.598,2.913,2.4349
195312,-4.313,-2.8911,-1.9701,-1.5469,-3.6826,-1.0324,-0.9235,-0.6228,-1.9373,-4.2911,0.6991,-0.5948,-1.7401,-1.2359,-2.6816,0.5234,-0.064,0.1754,-1.9101,-4.4419,0.6823,0.7219,0.5478,-0.8349,-4.8848
195401,11.0763,8.1303,4.5389,7.652,8.8143,4.3828,5.2483,6.3511,6.782,9.5673,6.1173,7.1512,6.5971,6.9782,8.1178,5.0876,5.5314,6.615,6.543,8.2068,3.445,5.4311,7.3897,8.8078,7.9764
195402,0.07,2.2134,-0.055,0.3839,0.0845,2.4744,-0.3378,3.062,2.6242,-0.3084,1.3558,2.3961,1.9852,2.3543,0.8511,2.2475,1.9291,2.9121,1.5065,0.6061,1.7582,1.8167,1.8796,-0.1679,2.361
195403,3.0671,3.1961,3.1248,3.1107,2.2731,2.8448,2.7246,3.5597,2.4947,2.3103,4.1338,1.8008,3.9415,3.0958,0.4653,4.6397,3.0802,5.0678,3.2185,2.1398,4.4773,3.7938,2.8571,2.2411,0.7129
195404,-5.2562,2.7684,3.1516,1.2815,-0.4158,-1.4716,-0.1867,2.6545,0.0835,0.3862,2.4552,1.9232,2.8748,2.4857,-0.6107,1.449,3.5224,2.59,-1.1369,0.5331,5.5861,4.566,5.28,5.7179,1.3735
195405,0.241,6.7878,4.6894,4.5569,4.5545,2.6779,3.9654,4.5356,4.7413,3.8481,2.8051,3.3723,2.8516,4.3965,6.7437,3.8128,3.0083,4.4358,6.2991,6.9547,2.8068,2.1782,2.3304,6.9248,7.4527
195406,-4.2575,0.3917,0.932,0.8313,2.2287,1.1842,-0.6297,2.9099,1.2044,2.604,1.3369,1.5328,2.0919,2.2275,1.5249,0.9692,2.6149,3.313,0.9373,-0.1606,3.1738,-1.1298,-1.7154,0.9266,-0.748
195407,2.6168,7.4849,4.1046,9.4346,14.6003,3.5607,6.7859,7.088,7.133,8.304,5.4673,6.8972,6.6539,7.1244,6.5293,5.6816,6.6709,7.4177,5.1143,8.5532,3.7826,4.9611,4.8909,7.2466,8.7904
195408,3.1559,-2.519,-0.2445,-0.2776,0.0886,-1.8722,1.5533,1.2307,0.7383,-0.9145,0.2228,-1.6437,-1.3988,-1.5269,-1.4198,-1.7956,-1.7414,-0.9385,-0.8935,-3.1228,-3.463,-1.1085,-1.4439,-4.6013,-5.0736
195409,0.6616,4.9798,2.9713,4.3946,3.6738,4.6122,3.9996,4.5786,4.6603,4.8825,1.6067,2.5689,6.6892,4.1021,5.1602,4.036,4.6307,6.4131,6.1928,4.1065,7.492,6.1517,9.3878,7.2231,3.5103
195410,-0.4651,-2.836,-0.0764,0.3026,0.5009,-3.6817,-0.2494,-0.1118,-0.5171,-2.9548,1.9333,-0.1658,-0.5199,-0.2333,-2.0667,-1.1449,-0.8193,1.5065,-1.4593,1.3188,-2.4221,-1.7,-1.9263,0.277,0.4586
195411,3.6794,9.8555,8.9058,7.4495,7.5055,9.2375,5.2944,7.3369,10.4844,9.2204,7.4682,9.6278,9.4311,13.2187,10.5574,7.2028,8.9096,11.9653,12.0828,13.392,10.3681,7.2825,8.6997,13.6643,15.5884
195412,13.5928,10.0228,8.3837,12.8278,12.7889,7.7743,11.0222,9.6519,8.5573,11.2863,4.239,7.1761,8.1671,10.9826,12.8355,4.5369,4.405,5.3809,8.733,14.1686,3.9404,4.3865,7.9726,9.7109,15.5934
195501,-5.095,4.6307,2.4776,3.7154,4.683,-2.4464,1.5783,0.9076,1.3473,1.4065,3.0376,1.4682,3.5089,1.6604,2.5432,-0.1205,1.1871,1.1074,0.1584,0.3773,-0.1703,1.5554,-1.5307,2.8183,1.8369
195502,2.4107,9.1479,5.0445,5.3657,5.8973,3.4023,3.8544,3.6332,3.6695,5.0623,5.1234,5.2148,5.1595,5.8552,4.3715,3.524,3.1649,4.1912,4.0057,3.2257,2.8796,2.5964,2.8881,2.4802,5.192
195503,-0.1046,-0.9848,-0.2815,-0.8197,-0.3455,-0.0787,0.2664,-0.7719,0.1804,2.0492,-3.2138,-0.9784,-0.5046,0.8763,5.514,-0.3445,-1.4316,-1.7953,-1.5388,1.6827,-0.0614,-0.3248,0.1463,1.5104,0.7081
195504,3.7138,-1.3013,2.4274,2.9027,1.2695,0.4123,1.3977,1.5077,2.5636,2.9034,3.1636,3.2919,2.1254,1.7073,0.1736,3.731,1.3505,2.6299,1.1376,1.0974,4.6929,1.9361,2.1314,5.5391,4.6867
195505,-1.531,1.3872,-0.1064,0.7767,0.8035,-1.1409,2.093,-0.2593,-0.6534,0.4994,1.6336,-0.5404,0.9024,0.5251,0.8145,1.239,1.4634,0.6711,2.4869,0.3324,2.4867,-0.0886,0.5143,-0.8596,1.4295
195506,5.2902,3.7153,1.8132,4.826,4.4021,1.9261,1.392,3.4043,4.0409,2.1573,2.6898,1.3738,3.2816,4.2613,1.3545,3.4087,5.6013,5.434,5.5891,0.8637,7.478,6.0161,11.1096,11.6472,5.0393
195507,9.3525,3.3223,0.3959,1.6183,0.7267,-4.3466,0.0447,1.8706,1.0741,1.9609,0.9613,0.0502,-0.5744,0.4962,1.0003,-0.3357,0.6998,0.1496,0.5403,1.5824,2.3393,4.298,1.6406,-0.592,0.2046
195508,1.9667,-1.8528,1.1129,-0.5968,-0.4037,1.7312,1.3836,-0.0705,-1.5494,0.7932,3.1486,0.774,1.0617,1.0638,0.5075,1.5073,0.9939,0.3194,-0.0542,-0.4724,0.7455,-0.8361,-0.7569,3.0189,2.0852
195509,1.9216,-0.381,1.8353,-0.8215,1.6621,-2.3163,-1.2711,-0.5102,-1.4583,-0.2919,-1.4282,-1.7282,-0.6415,0.6255,-1.306,-1.5612,-1.5688,-0.8423,-2.1306,-1.3642,0.0161,0.2068,0.5478,0.1332,-3.6838
195510,-4.768,-3.6503,-3.5705,-1.0188,-0.4596,-3.4336,-1.62,-1.2118,-1.0576,-0.2929,-1.2,-2.3854,-1.6004,1.3923,-2.3014,-1.8309,-1.3689,-1.7844,-2.1999,-4.3366,-3.5508,-1.4027,-1.2346,-3.7948,-3.8424
195511,-2.207,7.4921,3.1969,3.7909,3.4547,5.851,7.0028,5.2073,3.4425,5.5975,6.8577,6.1599,5.8577,4.5913,7.5157,6.9808,6.6328,5.6036,6.2481,6.9568,8.3471,7.8853,3.7758,7.8856,11.5674
195512,2.2968,3.0312,0.1054,3.9826,2.0679,0.4946,1.4256,2.441,2.1057,2.0755,5.8605,2.3403,3.9307,1.064,1.7421,2.0583,2.4278,2.3085,1.2113,-0.5123,1.6756,1.9971,2.1784,-0.3773,-2.1179
195601,3.2489,-0.4626,0.1072,-0.9409,-1.3937,-2.3221,-2.2723,-1.4088,-2.6216,-1.4269,-5.1162,-2.4916,-3.8929,-0.7582,-3.6616,-2.8598,-2.9616,-3.0025,-3.8543,-4.3157,-4.4584,-1.1853,-0.5207,-1.5757,-2.9257
195602,7.1961,1.2599,1.3773,3.1998,3.5754,2.68,3.1502,5.173,3.0467,2.2611,3.736,2.5378,4.2151,3.3383,2.6196,3.4757,4.2291,3.1827,3.9695,3.768,5.432,3.0542,2.2873,3.8794,3.3155
195603,0.6216,3.0163,1.3524,7.923,4.8799,0.1189,4.839,4.7894,3.7309,5.8403,7.5597,4.1774,5.7481,5.8416,3.642,5.9239,6.1431,6.5168,4.645,2.4518,6.9911,9.9623,5.2122,5.8108,8.8403
195604,0.8226,-0.4485,-0.8637,0.4247,0.8246,1.2506,1.8325,-0.6131,-0.0219,0.3152,-2.314,0.6951,1.1079,1.8733,0.0194,1.1216,0.1811,0.8187,1.0987,0.7887,-0.8027,1.7352,2.1388,1.2043,0.652
195605,-1.3676,-5.9375,-2.4188,-3.887,-4.0308,-4.3281,-5.6867,-3.9699,-4.4616,-4.3269,-1.2074,-3.8268,-2.2771,-4.6174,-5.0727,-2.8266,-3.3788,-4.8458,-4.6395,-5.6338,-4.9289,-6.0002,-4.6853,-6.552,-8.6421
195606,-4.6902,0.3871,2.651,0.8333,0.0928,0.2318,2.7096,1.9673,1.5951,1.6281,4.4159,2.6944,3.8796,3.6934,1.6029,3.6413,2.9151,2.2054,1.6434,0.8744,5.3896,1.5598,3.5888,3.356,1.8696
195607,0.0881,2.8371,0.1003,3.7517,3.1548,1.628,4.3871,2.4129,3.8936,3.8627,3.743,4.0696,4.7033,3.9818,3.5258,4.436,5.4209,3.9079,5.0961,3.0656,4.5918,7.7717,5.3693,4.8831,3.0366
195608,-4.7497,-2.6288,1.8057,-1.5152,-0.9853,-1.5778,-0.2438,-1.6807,-1.2962,-2.1501,0.7678,-0.9988,-1.7228,-1.4253,-3.5591,-3.0431,-2.6601,-2.4297,-2.0524,-2.8967,-3.1589,-5.0608,-1.9064,-2.9741,-4.6591
195609,-2.6572,-7.8103,-2.3582,-2.4729,-1.3049,-4.3278,-1.4229,-3.3613,-1.4562,-2.1746,-4.8283,-4.8724,-3.2731,-2.6722,-1.9031,-4.5327,-4.2618,-3.7734,-3.3253,-2.8014,-6.2456,-4.7449,-2.9992,-5.5326,-2.98
195610,-4.8011,1.5497,-0.4671,0.5893,0.9236,-0.4464,1.8047,1.0329,0.2567,0.2134,0.5269,0.5947,-0.1058,1.8687,0.8239,0.2526,0.7957,1.2426,1.3883,0.6419,0.7404,0.775,0.6532,0.9562,1.7175
195611,-5.5376,2.139,-0.7193,-0.1279,1.2015,0.3573,-2.4049,0.0918,2.574,2.656,-1.1676,1.8224,1.008,0.204,2.1458,1.2272,0.6579,-0.4175,1.7151,-0.7231,-0.5194,0.2863,2.4729,5.6065,-2.4898
195612,6.0664,-2.2951,1.0967,1.1316,0.9395,2.7555,4.8484,1.9728,2.2373,3.6031,4.308,3.1229,3.6619,1.2436,0.2718,2.7239,2.5439,2.6804,4.2774,3.7512,3.4927,4.7752,3.7688,1.6954,1.9928
195701,0.0197,0.7544,1.7574,2.5845,3.2236,2.0207,-0.707,1.7817,0.0895,2.323,0.089,-0.6411,-0.995,-0.2563,1.7367,-1.1302,-1.0159,-0.9185,-2.1744,-1.3246,-4.9084,-4.4238,-2.1186,-4.2307,-0.6817
195702,3.1479,-2.1257,-2.9165,-2.4701,-1.636,-5.4945,-2.0041,-3.4303,-3.3382,-1.6565,-2.6546,-3.1219,-2.442,-2.5571,-3.5926,-0.7783,-1.1282,-2.0203,-4.1098,-2.5403,-1.6428,-1.1366,-1.7287,-4.0972,-4.0446
195703,-2.5437,0.5621,3.0074,2.7194,0.8686,2.528,1.3605,1.8068,2.2027,3.2145,1.5852,3.4337,3.0397,1.8768,1.7265,2.9364,1.5378,2.8412,3.2723,1.6843,2.6363,2.1699,2.2151,1.1434,2.227
195704,0.3026,-0.5866,3.1465,2.1337,3.1933,2.4498,-0.782,4.0298,1.058,4.3102,3.1436,1.6341,3.5854,1.689,1.0662,3.9834,2.1176,2.6306,4.0444,0.3308,5.673,5.6211,3.197,4.7526,1.9016
195705,6.8888,1.1336,-1.4185,0.7244,0.2427,3.5635,4.3773,0.5703,0.8805,3.2404,3.0552,1.4626,3.359,1.7615,2.1528,2.8826,2.208,0.587,1.6298,3.7632,5.1027,3.3075,3.161,1.845,2.829
195706,-2.6947,1.0528,0.1335,1.0551,1.1105,-0.1249,-0.4971,-0.3863,-1.9698,2.2094,1.3816,-1.6062,-1.9109,-0.3547,-0.9761,-1.1313,-2.5432,-1.7808,-2.8215,0.1829,0.3542,-1.7012,-0.5862,-1.7907,0.313
195707,11.123,-2.9747,0.4934,0.1679,0.0046,-1.547,0.6525,0.5585,1.1354,1.2707,1.0854,-0.4163,-0.0929,1.4654,0.8193,-0.1202,0.3794,0.1257,1.2188,1.3469,1.5357,1.1224,0.0983,1.0896,1.1987
195708,-3.5042,-2.764,-3.8904,-4.6898,-3.9484,-4.518,-3.5749,-3.9135,-5.2027,-6.0241,-6.0237,-4.2729,-4.9428,-5.6537,-5.9407,-7.4141,-5.538,-4.0271,-5.7328,-5.5713,-5.4342,-4.7351,-2.2783,-5.2293,-4.9837
195709,-7.8499,-2.1352,-4.3987,-4.0139,-4.8283,-6.6317,-4.4063,-3.3877,-4.2286,-6.4799,-5.7551,-7.4888,-4.3388,-4.9562,-4.1821,-5.0061,-4.968,-3.3646,-6.7373,-8.4932,-6.8719,-5.0403,-4.0218,-5.3891,-8.4278
195710,-8.904,-9.7889,-5.7305,-6.5012,-9.3719,-6.5949,-6.2026,-5.1912,-6.1831,-8.9393,-7.2375,-5.1937,-5.2952,-5.6652,-7.9812,-6.0759,-2.1727,-3.0199,-7.1642,-10.3779,-3.6558,-3.3694,-3.3478,-5.5073,-7.5324
195711,2.5721,-2.2175,0.8298,1.0525,1.3206,1.7434,2.4871,1.4027,-1.345,0.3738,4.2774,3.3381,2.4125,2.2787,3.8215,4.1489,3.7035,1.8066,1.7384,-0.6191,2.8589,3.0901,1.7814,2.0377,-4.146
195712,-10.5443,-4.9753,-4.7181,-5.7807,-5.1963,-5.7097,-2.6964,-1.4616,-7.1479,-6.7782,-4.2926,-2.5513,-4.8801,-6.5934,-4.2832,-3.5548,-2.5631,-0.749,-7.0191,-5.6806,-3.6861,-4.1618,-1.5202,-7.1493,-6.7649
195801,22.9359,9.7605,10.0513,11.7014,15.0308,12.4918,11.1557,8.4938,11.2317,12.5528,8.2847,8.7645,10.2715,12.6157,11.3754,7.251,8.2568,7.5633,13.4156,13.8502,2.9311,3.7061,5.2947,7.2105,11.8597
195802,-7.9773,0.7031,-1.9839,-1.4262,-0.8991,0.6718,0.1786,-0.4713,-0.0409,0.1955,-0.7108,-0.2367,-0.4777,-0.2254,0.298,-1.4266,-0.2975,0.893,-2.008,-2.4979,-2.0325,-1.1571,-0.7208,-3.1698,-3.3065
195803,0.1022,5.95,3.947,4.8075,3.0869,8.2153,2.4013,3.3042,2.8649,3.7328,3.0778,4.6617,3.1332,3.2684,4.2143,5.743,2.9558,3.2094,1.9904,3.1799,3.1918,3.2579,3.8122,3.0003,1.3388
195804,4.0672,5.7791,1.9688,3.2504,3.8813,4.9601,4.0602,2.7419,2.3136,4.8393,2.8509,0.873,1.8698,0.9224,4.6717,3.7781,2.8488,2.1083,3.2185,6.1621,3.0303,3.4884,3.2125,2.6465,6.2872
195805,8.1278,4.873,4.1815,4.2089,4.0405,4.3768,3.158,3.2421,3.6763,5.7491,6.6782,4.6231,3.9515,4.8539,4.6004,2.7396,2.1922,2.8347,3.3461,2.2235,1.8446,2.7543,1.907,3.5049,4.076
195806,2.8976,1.8434,1.4346,3.3606,2.9252,0.2439,4.9641,2.8142,3.2606,3.1875,3.3657,2.4472,2.8863,1.3766,3.6022,3.2847,2.0749,2.8464,3.2997,4.7939,2.96,3.246,2.9758,2.7811,3.2276
195807,1.1712,7.184,7.3805,6.1803,5.7312,1.97,2.7746,5.5581,5.3654,7.0925,2.5335,5.7718,6.8852,7.2209,10.1414,3.6584,4.0706,5.5423,5.4375,9.3553,5.1272,2.1287,3.8114,5.5899,7.8233
195808,3.299,-0.4205,3.2193,2.86,4.4977,3.9612,3.4696,1.9808,2.1209,4.6049,3.8308,3.4552,3.369,4.1574,1.8424,3.4354,1.9521,3.304,1.8473,3.8981,1.7987,0.7461,2.3787,1.4051,2.0705
195809,2.9731,9.5417,5.1423,3.9149,7.4029,2.153,4.185,4.444,7.6207,8.9476,3.8498,2.1376,4.0488,6.0313,9.289,3.8603,3.5783,5.0514,6.5272,11.7161,4.8374,4.5671,4.7683,4.1165,8.6271
195810,7.5936,6.3023,2.0743,1.9581,2.6184,11.3396,4.9735,2.0692,4.4341,4.565,0.8759,5.3881,2.647,3.8753,5.1774,3.1835,3.4668,2.9281,2.331,4.6208,2.3462,3.1077,2.7077,2.3967,3.5475
195811,12.0672,11.9907,9.1046,3.9137,3.1971,4.9429,7.8361,4.146,4.8123,5.433,6.5032,1.6221,2.7363,3.7989,3.0208,4.7752,3.8425,5.745,4.6041,5.0585,3.309,2.6761,1.3649,2.6554,3.2582
195812,4.0174,-0.7045,3.0726,4.2613,3.4757,6.3093,6.2622,2.7191,4.2359,3.5563,0.742,3.0555,2.2951,3.7329,4.2758,3.4243,5.1187,5.4429,3.8431,1.9898,5.2702,4.7978,9.5083,2.683,4.8422
195901,8.3595,1.7031,14.9487,5.7326,6.5446,3.4683,2.8235,3.6902,7.3378,5.7325,3.6132,1.4947,5.3183,4.9804,4.0451,0.4621,2.0511,2.6716,5.7201,2.2074,-1.1123,1.1343,2.7414,2.3851,5.3631
195902,2.0048,4.5014,2.6024,4.1739,3.0702,6.3362,2.6023,3.4487,2.2702,3.096,1.9891,4.3771,3.9153,6.0453,-0.7493,3.5641,2.7877,3.057,2.6063,1.2143,0.75,-0.4834,0.8584,1.0262,2.1373
195903,1.6046,-2.5369,0.0518,1.6608,3.3804,3.5297,1.6932,1.6551,1.8684,3.1416,0.7878,2.1629,2.0572,-1.2685,0.7424,0.679,-0.1192,3.2608,0.9017,-1.1343,0.6885,0.9627,-1.4991,1.7432,-0.3468
195904,-1.3214,6.3908,-0.9761,1.7833,4.4389,3.6928,6.0525,2.7867,2.9993,1.3058,2.4699,4.9625,2.6575,5.5146,2.7006,3.9314,2.8466,3.219,4.5005,3.9462,5.836,0.8793,2.8322,2.9159,3.335
195905,-0.6906,0.4959,3.2295,2.248,1.8284,-1.2068,-0.6436,0.478,-2.5319,1.2968,0.0151,0.3231,-0.6637,2.5769,4.0249,-0.3602,1.2193,1.8505,1.8058,1.4012,3.4167,0.3401,1.5872,0.8467,4.7257
195906,-1.8152,1.1833,-0.9157,1.0031,1.2244,-0.372,1.5585,0.4982,1.0972,0.3463,2.5986,0.7592,1.0174,0.5052,4.3169,1.2652,1.0994,2.3612,-0.0474,2.1843,-0.4896,0.1685,-0.3287,-0.5137,2.6202
195907,3.5788,-0.7031,4.251,1.3857,3.5167,5.2423,1.7568,3.5625,3.4568,4.438,2.2783,2.0485,4.1762,4.0505,4.1118,2.6007,2.1527,2.0107,4.1361,3.1087,4.2779,3.6075,1.8011,3.3202,0.79
195908,1.3809,5.2642,-1.4017,-0.0059,-1.6911,-2.8165,-1.7302,-0.418,-2.738,-1.2685,-1.425,0.7415,-0.6575,-1.2454,-2.696,-2.4307,-0.5865,-2.7836,-2.6881,-1.6648,-1.3722,-1.4255,0.3197,-2.9309,2.5872
195909,-9.3107,-3.0788,-5.3243,-1.5923,-5.9408,-5.0503,-4.9494,-2.7062,-5.3334,-3.9434,-4.5655,-2.3713,-5.1274,-5.489,-2.7201,-5.9051,-4.7547,-4.7085,-3.8223,-3.8633,-4.6282,-4.9625,-2.4331,-6.3666,-5.6265
195910,1.5381,7.9137,0.6245,1.5589,1.0245,2.3758,2.6103,2.9558,2.2618,1.6033,4.7266,5.3576,2.1491,2.2402,-0.791,3.482,3.8311,2.3323,3.0072,-0.4881,1.1069,1.5969,1.4471,-0.0259,-0.763
195911,-1.6513,1.5129,-1.0245,1.6077,0.4504,7.1665,-2.0713,1.7683,2.7999,1.9594,2.9681,0.388,0.7248,2.4058,-1.1512,3.688,2.7256,3.1712,-0.7084,0.912,4.1692,-0.4194,-0.7428,-1.9332,0.0175
195912,4.995,5.6722,2.0618,2.9387,2.2295,0.8756,5.2106,1.4698,4.2615,0.9631,3.1148,0.9923,2.3598,2.0318,2.2431,1.0045,1.0384,0.4022,3.2306,2.1748,3.1481,3.2129,2.8528,3.9975,6.2891
196001,-5.7311,-5.915,-1.0522,-1.8112,-0.7447,-4.4467,-6.0007,-2.5,-3.4674,-4.1393,-6.6182,-4.3567,-6.155,-3.9265,-5.1005,-5.7655,-4.2205,-5.9456,-7.4515,-2.6134,-9.115,-6.9823,-1.683,-5.8368,-7.5513
196002,-2.1138,3.9529,-0.7593,-0.9373,1.1544,1.7178,2.169,1.6032,2.7654,0.8305,1.7908,0.319,0.019,0.8324,-0.6751,2.1013,1.7484,1.8111,0.7332,1.6199,2.316,-1.446,4.9601,-2.6945,-3.9617
196003,-2.5215,-5.1835,-3.5807,-1.6955,-2.6026,-3.8771,-2.616,-3.1729,-1.9141,-4.7045,-1.6315,0.2294,-2.937,-3.6963,-6.7433,-0.4087,-0.3367,-4.0914,-3.7341,-6.8144,-0.4015,-1.7662,-0.5967,-3.2453,-7.1743
196004,-4.9512,1.0131,-2.4361,-2.762,-2.472,1.0239,-4.6126,-1.6955,-1.409,-3.0983,0.8657,-1.8045,-2.556,-2.5741,-5.6135,0.0021,-0.4881,-2.1812,-2.7913,-2.3547,-1.0733,-2.717,-1.4885,-2.1734,-3.7299
196005,-4.8661,-1.3716,-1.4996,2.1058,1.7782,2.9651,6.2321,1.7623,2.6387,6.2658,7.1087,1.2703,4.0681,2.4114,0.0739,4.1568,1.8089,0.3058,2.8192,0.4867,5.0457,2.5483,1.5758,-2.0366,-0.9381
196006,3.6376,-3.3236,5.8544,3.3848,1.9524,3.9575,2.7418,1.5342,2.0435,0.3296,4.4771,1.1802,2.1385,3.8373,1.4058,2.577,2.1414,2.996,1.3967,2.8817,2.4094,2.5828,1.2876,3.2461,2.6944
196007,-5.4142,-3.9299,1.0275,-1.2118,-1.7964,-3.4589,-1.955,-1.8322,-2.3759,-1.8943,-1.6934,-1.963,-1.9676,-1.1835,-1.8327,-3.4869,-0.82,-0.4298,0.3631,-5.5297,-4.0861,-1.8222,0.3983,-0.9168,-0.0662
196008,22.9883,9.1183,2.3803,4.6705,4.3609,0.1313,1.6211,2.4425,4.9011,4.2611,4.7257,5.972,3.7469,3.9934,1.3344,1.6381,3.6512,3.7436,4.4043,0.6443,2.6643,2.8839,4.4779,4.1534,2.5055
196009,-15.6939,-7.3166,-3.5666,-4.6358,-7.2489,-7.5854,-5.5433,-6.8197,-5.8329,-7.677,-7.2962,-5.4835,-4.5507,-6.1547,-5.5662,-5.9374,-4.5635,-5.3878,-5.106,-8.7407,-7.1052,-5.6179,-3.981,-4.9856,-3.7556
196010,-8.7853,-3.4217,-2.9395,-1.2589,-3.1462,-7.2253,-3.0011,-2.4483,-3.8608,-0.9987,-3.3198,-2.5928,-2.7492,-2.3765,-3.6535,-2.0345,-2.1556,-1.5163,1.2115,-3.71,-0.6665,0.4137,0.2957,0.0614,2.2188
196011,-2.8619,-0.044,-0.7858,2.334,1.676,7.0135,8.3645,4.6571,4.321,1.9847,7.2655,5.1906,6.6247,5.9326,4.0619,8.6752,4.5913,4.7717,4.9134,3.2176,5.2781,5.3201,3.0108,4.0723,4.5764
196012,7.8068,3.3095,2.8403,2.9268,1.1672,4.3219,2.5167,3.3311,3.7507,2.5764,3.03,4.317,4.2547,3.2066,1.8309,5.9746,4.5689,5.4904,3.763,2.5685,3.3229,4.7451,9.0093,3.589,3.352
196101,10.4794,9.2595,8.4889,8.0486,9.1245,10.612,5.8097,6.972,9.337,9.2387,5.9849,6.6128,8.2575,9.8693,12.8894,6.657,8.121,7.6699,9.1917,13.1822,4.2225,6.6732,7.8877,7.8489,9.9267
196102,5.4697,7.7714,5.8802,6.1488,5.5623,9.1599,9.1071,5.4951,9.2771,8.1266,6.037,7.0025,4.8649,5.9529,5.0515,6.0746,6.1355,5.1976,4.5231,3.9979,3.7138,4.5546,0.9054,3.7148,2.3167
196103,12.4151,4.6741,7.4427,5.4312,5.528,11.3103,9.4549,4.4945,5.6902,7.0409,5.7423,4.6259,4.1782,4.1839,5.6854,5.9888,2.5984,4.1857,6.3438,3.8972,1.8967,2.6774,4.1973,-0.5203,1.5528
196104,1.2502,3.2683,1.3865,2.2736,1.087,1.2284,0.0542,0.7096,3.3539,4.3975,-0.7929,1.4913,-2.2154,0.6505,1.3474,-0.7182,0.8048,1.7017,-0.2244,-6.3781,-0.6453,-0.1566,2.2473,0.6992,4.9735
196105,-0.684,4.3616,2.2188,3.4191,5.0816,1.3494,1.2559,7.4057,2.8474,6.0127,4.1833,4.1032,3.7051,7.1324,3.0394,3.5323,3.7986,3.1855,4.4204,6.9214,3.249,3.0923,0.0648,2.5309,1.434
196106,-6.0799,-5.5043,-4.4067,-5.7014,-4.75,-7.5366,-2.8359,-4.1729,-4.9701,-5.8963,-5.5372,-4.9243,-2.966,-5.461,-4.3278,-4.7534,-3.6459,-2.9605,-0.7658,-2.7284,-1.4324,-4.0283,-3.1228,-4.1123,-2.9846
196107,2.4796,0.016,-2.9374,2.4264,-0.6222,-0.154,-1.2171,0.7242,0.5263,2.1011,-0.3481,1.2739,2.1012,1.0765,1.8467,0.5729,2.7994,2.7882,1.0983,-0.0866,1.9372,5.0637,4.0158,1.0847,2.9109
196108,2.7397,1.0327,0.0868,-0.5741,1.8057,3.5347,0.4266,1.5303,0.545,1.7396,-0.1471,1.4889,-0.2998,2.4386,-0.1362,4.9319,4.2322,3.9974,0.6273,2.8611,4.0834,2.1033,0.5857,1.6762,3.6973
196109,-4.5572,-6.0245,-2.8324,-2.6615,-4.2482,-5.0119,-5.2112,-3.1572,-3.6514,-1.4105,-3.7801,-0.0322,-2.6664,-2.3218,-4.9379,-1.89,-2.6284,-2.6905,-3.9483,-3.7231,-0.7112,-1.8633,-3.5985,-4.7702,-0.2768
196110,3.256,6.5984,3.2896,1.9975,1.1563,-1.4869,1.884,3.2525,1.0227,1.0277,2.5688,3.6146,1.7764,1.871,-0.1762,2.9074,3.4024,4.78,-1.6381,2.5217,3.4741,1.4023,3.8301,5.7809,0.7685
196111,6.2131,5.1245,6.5342,6.3227,4.7908,2.9215,8.2215,5.5005,5.752,5.9438,8.0766,5.0938,4.1969,4.3933,2.1041,4.4989,2.3206,5.4696,3.8533,3.6977,3.2639,6.8042,4.006,3.2627,4.0598
196112,-3.1888,4.0619,-1.466,1.3343,0.3709,-4.5414,0.1176,-0.2181,1.9905,-1.3769,-1.5655,-1.7264,0.5932,1.1562,1.857,-3.6675,-1.7244,-0.117,1.5137,-1.2529,-1.4004,1.0517,2.6605,2.7021,0.034
196201,4.045,-3.4595,1.5503,1.7378,3.173,-3.376,-0.551,-0.6168,0.7779,2.6939,-4.6921,-1.0951,-2.2749,-2.5374,1.5675,-5.3759,-1.9835,-2.7361,1.7842,3.6409,-5.8983,-3.8848,-1.1047,-0.3271,0.06
196202,-0.3873,-1.1509,1.9116,1.7565,1.9079,1.5259,1.0528,-0.1731,2.4455,1.4712,3.5675,-0.6679,0.9283,1.5412,1.604,1.373,1.3487,2.6459,0.7872,0.9645,1.7444,2.0938,2.988,3.1395,1.7622
196203,-0.2225,1.8139,1.7272,1.0861,-0.0505,-0.1003,1.0889,-1.2539,-1.2198,-0.9604,0.3484,1.018,-0.5858,-2.1376,-0.6413,-1.5271,-0.9039,-0.5767,-0.3707,-2.4491,0.3219,-0.85,-0.4208,-1.0992,-3.6408
196204,-7.2747,-7.7201,-7.1729,-7.7742,-6.7768,-8.2779,-6.8753,-8.3175,-6.4706,-6.2055,-5.1916,-4.0899,-7.1587,-6.0739,-7.3714,-6.8047,-6.4012,-6.9758,-7.8331,-5.5878,-7.9105,-5.0754,-5.443,-5.627,-5.5095
196205,-11.9196,-11.1442,-10.4303,-7.7104,-11.1688,-12.2911,-10.8955,-9.2621,-9.4267,-10.9024,-13.035,-9.9072,-11.1629,-9.6163,-9.323,-13.0905,-9.0839,-8.2746,-5.052,-7.2215,-10.3013,-7.2177,-5.0493,-5.6994,-5.9593
196206,2.1095,-6.818,-7.6641,-7.4441,-7.3742,-12.7779,-8.4495,-6.8843,-5.7997,-7.4258,-8.2184,-7.3097,-9.3824,-5.5671,-7.599,-10.612,-8.8208,-6.7105,-8.6546,-7.5717,-10.4823,-7.2735,-6.3929,-5.4381,-6.9371
196207,9.6254,9.4237,8.633,5.9702,7.332,6.831,6.6281,7.5457,5.0401,7.9319,10.1795,3.7421,4.3476,3.7465,7.3756,7.3001,5.6019,5.2768,5.1356,4.0623,8.6745,6.471,4.7499,1.9884,2.8083
196208,9.561,2.5343,4.1902,0.8458,2.9996,7.6967,1.7509,4.4903,2.7105,1.9537,3.1883,3.3416,3.789,2.0829,1.4073,3.1945,2.8143,1.666,2.8961,1.6311,2.8096,2.1626,1.1787,1.1265,3.1781
196209,-8.6006,-8.6874,-9.8677,-5.2275,-6.3543,-8.2324,-5.7337,-7.5799,-6.328,-7.5491,-9.554,-5.8573,-4.658,-6.5345,-5.5442,-5.7586,-4.1677,-4.5901,-6.3558,-5.6359,-5.2374,-4.5567,-4.0854,-4.6344,-4.0325
196210,-10.3725,-7.3863,-3.4847,-5.3359,-2.3451,-4.7857,-5.2983,-4.5998,-1.3105,-0.7789,-4.5233,-1.5626,0.0367,-1.5608,-1.4125,-3.0135,-0.6524,-0.3603,-1.9156,0.4605,1.2994,0.8604,0.49,0.5082,0.815
196211,14.6953,16.7655,12.1729,14.8977,13.7187,14.9725,15.7382,11.1658,14.7095,16.4591,16.0187,11.9042,12.4399,14.0349,12.9329,14.3421,11.6523,11.9827,11.836,17.4961,10.9371,9.259,11.1831,11.4083,14.5898
196212,-3.3595,-4.8503,-0.6372,-2.3005,-2.1875,-2.9217,-0.8783,-0.9711,-2.1044,-3.6348,-3.35,1.3577,-1.2305,-2.0679,-1.5063,0.3442,1.7617,0.8644,-0.6774,1.8439,1.4225,2.3992,2.5012,-0.3409,0.6625
